plot,interval_order,month_start,month_end,month_start_date,month_end_date,interval_label,plot_section,plot_section_label,n_start,n_survived,n_died,n_born,percent_survival,percent_survival_low,percent_survival_high
Plot A,1,November,April,2025-11-14,2026-04-21,14 Nov 2025 to 21 Apr 2026,all,Plot A,0,0,0,43,NA,NA,NA
Plot A,2,April,June,2026-04-21,2026-06-22,21 Apr 2026 to 22 Jun 2026,all,Plot A,43,43,0,0,100,91.77888788458614,100
Plot A,3,June,August,2026-06-22,2026-08-12,22 Jun 2026 to 12 Aug 2026,all,Plot A,43,43,0,0,100,91.77888788458614,100
Plot B,1,November,April,2025-11-03,2026-04-22,03 Nov 2025 to 22 Apr 2026,all,Plot B,0,0,0,43,NA,NA,NA
Plot B,2,April,June,2026-04-22,2026-06-09,22 Apr 2026 to 09 Jun 2026,all,Plot B,43,43,0,32,100,91.77888788458614,100
Plot B,3,June,August,2026-06-09,2026-08-07,09 Jun 2026 to 07 Aug 2026,all,Plot B,75,75,0,0,100,95.20049359448578,100
Plot C,1,November,April,2025-11-03,2026-04-03,03 Nov 2025 to 03 Apr 2026,all,Plot C,0,0,0,539,NA,NA,NA
Plot C,2,April,June,2026-04-03,2026-06-06,03 Apr 2026 to 06 Jun 2026,all,Plot C,520,514,6,1,98.84615384615384,97.50557773684572,99.5754140674933
Plot C,3,June,August,2026-06-06,2026-08-05,06 Jun 2026 to 05 Aug 2026,all,Plot C,526,498,28,0,94.67680608365019,92.39812820977386,96.43399523856442
Plot D,1,November,April,2025-11-05,2026-04-16,05 Nov 2025 to 16 Apr 2026,all,Plot D,0,0,0,315,NA,NA,NA
Plot D,2,April,June,2026-04-16,2026-06-08,16 Apr 2026 to 08 Jun 2026,all,Plot D,315,282,33,0,89.52380952380952,85.60277402667134,92.67823380545272
Plot E,1,May,June,2025-05-07,2025-06-09,07 May 2025 to 09 Jun 2025,all,Plot E,443,404,39,0,91.19638826185101,88.16171169361375,93.6649026394098
Plot E,2,June,July,2025-06-09,2025-07-11,09 Jun 2025 to 11 Jul 2025,all,Plot E,404,379,25,0,93.81188118811882,91.00038567828648,95.95570741317462
Plot E,3,July,August,2025-07-11,2025-08-04,11 Jul 2025 to 04 Aug 2025,all,Plot E,378,368,10,3,97.35449735449735,95.18875303130501,98.7242471453738
Plot E,4,August,September,2025-08-04,2025-09-08,04 Aug 2025 to 08 Sep 2025,all,Plot E,369,355,14,1,96.2059620596206,93.71613004650489,97.91051247910512
Plot E,5,September,October,2025-09-08,2025-10-14,08 Sep 2025 to 14 Oct 2025,all,Plot E,346,344,2,0,99.42196531791907,97.92764579184932,99.92992049982169
Plot E,6,October,November,2025-10-14,2025-11-06,14 Oct 2025 to 06 Nov 2025,all,Plot E,344,342,2,4,99.4186046511628,97.91568871680302,99.92951261070533
Plot E,7,November,December,2025-11-06,2025-12-04,06 Nov 2025 to 04 Dec 2025,all,Plot E,347,331,16,1,95.38904899135447,92.6199545962852,97.34180697615055
Plot E,8,December,January,2025-12-04,2026-01-20,04 Dec 2025 to 20 Jan 2026,all,Plot E,329,324,5,3,98.48024316109422,96.48921733909724,99.504745531273
Plot E,9,January,February,2026-01-20,2026-02-16,20 Jan 2026 to 16 Feb 2026,all,Plot E,168,161,7,0,95.83333333333333,91.60374951891302,98.30862314706275
Plot E,10,February,March,2026-02-16,2026-03-25,16 Feb 2026 to 25 Mar 2026,all,Plot E,154,137,17,1,88.96103896103897,82.91453716406495,93.4364251374911
Plot E,11,March,April,2026-03-25,2026-04-09,25 Mar 2026 to 09 Apr 2026,all,Plot E,136,125,11,444,91.91176470588235,85.98880545306147,95.8932041124462
Plot E,12,April,May,2026-04-09,2026-05-04,09 Apr 2026 to 04 May 2026,all,Plot E,569,559,10,15,98.24253075571177,96.79176067215988,99.15408921401475
Plot F,1,November,May,2025-11-06,2026-05-01,06 Nov 2025 to 01 May 2026,all,Plot F,0,0,0,41,NA,NA,NA
Plot F,2,May,May,2026-05-01,2026-05-27,01 May 2026 to 27 May 2026,all,Plot F,41,41,0,0,100,91.39561637059715,100
Plot F,3,May,August,2026-05-27,2026-08-20,27 May 2026 to 20 Aug 2026,all,Plot F,41,38,3,0,92.6829268292683,80.0754021623337,98.46485284665833
Plot G,1,November,April,2025-11-07,2026-04-24,07 Nov 2025 to 24 Apr 2026,all,Plot G,0,0,0,45,NA,NA,NA
Plot G,2,April,May,2026-04-24,2026-05-26,24 Apr 2026 to 26 May 2026,all,Plot G,45,45,0,0,100,92.12948995931569,100
Plot G,3,May,August,2026-05-26,2026-08-13,26 May 2026 to 13 Aug 2026,all,Plot G,44,44,0,0,100,91.95800602364241,100
Plot H,1,November,April,2025-11-07,2026-04-24,07 Nov 2025 to 24 Apr 2026,all,Plot H,0,0,0,38,NA,NA,NA
Plot H,2,April,May,2026-04-24,2026-05-25,24 Apr 2026 to 25 May 2026,all,Plot H,41,41,0,0,100,91.39561637059715,100
Plot H,3,May,August,2026-05-25,2026-08-13,25 May 2026 to 13 Aug 2026,all,Plot H,42,40,2,0,95.23809523809524,83.83580403083461,99.418017516449
