plot,plot_section,plot_section_label,interval_order,month_start,month_end,month_start_date,month_end_date,n_start,n_survived,n_died,n_born,percent_survival,percent_survival_low,percent_survival_high,interval_label
Plot A,0-0,Plot A 0-0,1,November,April,2025-11-14,2026-04-21,0,0,0,24,NA,NA,NA,14 Nov 2025 to 21 Apr 2026
Plot A,0-0,Plot A 0-0,2,April,June,2026-04-21,2026-06-22,24,24,0,0,100,85.75264022774743,100,21 Apr 2026 to 22 Jun 2026
Plot A,0-0,Plot A 0-0,3,June,August,2026-06-22,2026-08-12,24,24,0,0,100,85.75264022774743,100,22 Jun 2026 to 12 Aug 2026
Plot A,1-0,Plot A 1-0,1,November,April,2025-11-14,2026-04-21,0,0,0,19,NA,NA,NA,14 Nov 2025 to 21 Apr 2026
Plot A,1-0,Plot A 1-0,2,April,June,2026-04-21,2026-06-22,19,19,0,0,100,82.35330881930348,100,21 Apr 2026 to 22 Jun 2026
Plot A,1-0,Plot A 1-0,3,June,August,2026-06-22,2026-08-12,19,19,0,0,100,82.35330881930348,100,22 Jun 2026 to 12 Aug 2026
Plot B,0-0,Plot B 0-0,1,November,April,2025-11-03,2026-04-22,0,0,0,22,NA,NA,NA,03 Nov 2025 to 22 Apr 2026
Plot B,0-0,Plot B 0-0,2,April,June,2026-04-22,2026-06-09,22,22,0,32,100,84.56274871844255,100,22 Apr 2026 to 09 Jun 2026
Plot B,0-0,Plot B 0-0,3,June,August,2026-06-09,2026-08-07,54,54,0,0,100,93.39684857555783,100,09 Jun 2026 to 07 Aug 2026
Plot B,1-0,Plot B 1-0,1,November,April,2025-11-03,2026-04-22,0,0,0,21,NA,NA,NA,03 Nov 2025 to 22 Apr 2026
Plot B,1-0,Plot B 1-0,2,April,June,2026-04-22,2026-06-09,21,21,0,0,100,83.89023847809204,100,22 Apr 2026 to 09 Jun 2026
Plot B,1-0,Plot B 1-0,3,June,August,2026-06-09,2026-08-07,21,21,0,0,100,83.89023847809204,100,09 Jun 2026 to 07 Aug 2026
Plot C,0-0,Plot C 0-0,1,November,April,2025-11-03,2026-04-03,0,0,0,289,NA,NA,NA,03 Nov 2025 to 03 Apr 2026
Plot C,0-0,Plot C 0-0,2,April,June,2026-04-03,2026-06-06,286,284,2,0,99.3006993006993,97.49685418992196,99.91519896066914,03 Apr 2026 to 06 Jun 2026
Plot C,0-0,Plot C 0-0,3,June,August,2026-06-06,2026-08-05,282,259,23,0,91.84397163120568,88.0132413296555,94.75962454331737,06 Jun 2026 to 05 Aug 2026
Plot C,1-0,Plot C 1-0,1,November,April,2025-11-03,2026-04-03,0,0,0,250,NA,NA,NA,03 Nov 2025 to 03 Apr 2026
Plot C,1-0,Plot C 1-0,2,April,June,2026-04-03,2026-06-06,234,230,4,1,98.2905982905983,95.68132964607122,99.53233109072774,03 Apr 2026 to 06 Jun 2026
Plot C,1-0,Plot C 1-0,3,June,August,2026-06-06,2026-08-05,244,239,5,0,97.95081967213115,95.28295027449757,99.3313686536878,06 Jun 2026 to 05 Aug 2026
Plot D,0-0,Plot D 0-0,1,November,April,2025-11-05,2026-04-16,0,0,0,230,NA,NA,NA,05 Nov 2025 to 16 Apr 2026
Plot D,0-0,Plot D 0-0,2,April,June,2026-04-16,2026-06-08,230,197,33,0,85.65217391304348,80.44438799324561,89.91334000553242,16 Apr 2026 to 08 Jun 2026
Plot D,0-1,Plot D 0-1,1,November,April,2025-11-05,2026-04-16,0,0,0,1,NA,NA,NA,05 Nov 2025 to 16 Apr 2026
Plot D,0-1,Plot D 0-1,2,April,June,2026-04-16,2026-06-08,1,1,0,0,100,2.500000000000002,100,16 Apr 2026 to 08 Jun 2026
Plot D,1-0,Plot D 1-0,1,November,April,2025-11-05,2026-04-16,0,0,0,84,NA,NA,NA,05 Nov 2025 to 16 Apr 2026
Plot D,1-0,Plot D 1-0,2,April,June,2026-04-16,2026-06-08,84,84,0,0,100,95.70350803704349,100,16 Apr 2026 to 08 Jun 2026
Plot E,0-0,Plot E 0-0,1,May,June,2025-05-07,2025-06-09,98,94,4,0,95.91836734693878,89.87821811112336,98.87686824398149,07 May 2025 to 09 Jun 2025
Plot E,0-0,Plot E 0-0,2,June,July,2025-06-09,2025-07-11,99,94,5,0,94.94949494949495,88.60641822085104,98.34000886701565,09 Jun 2025 to 11 Jul 2025
Plot E,0-0,Plot E 0-0,3,July,August,2025-07-11,2025-08-04,93,91,2,0,97.84946236559139,92.44670279474917,99.7384905302867,11 Jul 2025 to 04 Aug 2025
Plot E,0-0,Plot E 0-0,4,August,September,2025-08-04,2025-09-08,91,88,3,0,96.7032967032967,90.66675719943564,99.314911368912135,04 Aug 2025 to 08 Sep 2025
Plot E,0-0,Plot E 0-0,5,September,October,2025-09-08,2025-10-14,87,87,0,0,100,95.84854340073622,100,08 Sep 2025 to 14 Oct 2025
Plot E,0-0,Plot E 0-0,6,October,November,2025-10-14,2025-11-06,87,85,2,0,97.70114942528735,91.94141341632303,99.72037589615068,14 Oct 2025 to 06 Nov 2025
Plot E,0-0,Plot E 0-0,7,November,December,2025-11-06,2025-12-04,86,78,8,1,90.69767441860465,82.49107859703176,95.89781407261813,06 Nov 2025 to 04 Dec 2025
Plot E,0-0,Plot E 0-0,8,December,January,2025-12-04,2026-01-20,76,73,3,1,96.05263157894737,88.89466808740366,99.17844078194055,04 Dec 2025 to 20 Jan 2026
Plot E,0-0,Plot E 0-0,9,January,February,2026-01-20,2026-02-16,73,68,5,0,93.15068493150685,84.73529862225702,97.73878044970046,20 Jan 2026 to 16 Feb 2026
Plot E,0-0,Plot E 0-0,10,February,March,2026-02-16,2026-03-25,64,60,4,0,93.75,84.76365265773033,98.27099726189448,16 Feb 2026 to 25 Mar 2026
Plot E,0-0,Plot E 0-0,11,March,April,2026-03-25,2026-04-09,58,55,3,279,94.82758620689656,85.61953727246554,98.92035219157053,25 Mar 2026 to 09 Apr 2026
Plot E,0-0,Plot E 0-0,12,April,May,2026-04-09,2026-05-04,334,331,3,14,99.10179640718563,97.39764551369394,99.81438441004677,09 Apr 2026 to 04 May 2026
Plot E,0-1,Plot E 0-1,1,May,June,2025-05-07,2025-06-09,120,120,0,0,100,96.972702742258,100,07 May 2025 to 09 Jun 2025
Plot E,0-1,Plot E 0-1,2,June,July,2025-06-09,2025-07-11,120,112,8,0,93.33333333333333,87.28632517607872,97.07808156862036,09 Jun 2025 to 11 Jul 2025
Plot E,0-1,Plot E 0-1,3,July,August,2025-07-11,2025-08-04,112,108,4,1,96.42857142857143,91.10785264165705,99.0184836218724,11 Jul 2025 to 04 Aug 2025
Plot E,0-1,Plot E 0-1,4,August,September,2025-08-04,2025-09-08,109,107,2,0,98.1651376146789,93.52881443899183,99.77701206843327,04 Aug 2025 to 08 Sep 2025
Plot E,0-1,Plot E 0-1,5,September,October,2025-09-08,2025-10-14,97,97,0,0,100,96.26843630912639,100,08 Sep 2025 to 14 Oct 2025
Plot E,0-1,Plot E 0-1,6,October,November,2025-10-14,2025-11-06,97,97,0,0,100,96.26843630912639,100,14 Oct 2025 to 06 Nov 2025
Plot E,0-1,Plot E 0-1,7,November,December,2025-11-06,2025-12-04,97,95,2,0,97.9381443298969,92.74978500736088,99.74931702361827,06 Nov 2025 to 04 Dec 2025
Plot E,0-1,Plot E 0-1,8,December,January,2025-12-04,2026-01-20,95,93,2,2,97.89473684210526,92.60134525711725,99.74401820139384,04 Dec 2025 to 20 Jan 2026
Plot E,0-1,Plot E 0-1,9,January,February,2026-01-20,2026-02-16,95,93,2,0,97.89473684210526,92.60134525711725,99.74401820139384,20 Jan 2026 to 16 Feb 2026
Plot E,0-1,Plot E 0-1,10,February,March,2026-02-16,2026-03-25,90,77,13,1,85.55555555555556,76.56684376592942,92.07868375025639,16 Feb 2026 to 25 Mar 2026
Plot E,0-1,Plot E 0-1,11,March,April,2026-03-25,2026-04-09,78,70,8,165,89.74358974358974,80.78725425815965,95.4669050221243,25 Mar 2026 to 09 Apr 2026
Plot E,0-1,Plot E 0-1,12,April,May,2026-04-09,2026-05-04,235,228,7,1,97.02127659574468,93.95925859795743,98.7941805170265,09 Apr 2026 to 04 May 2026
Plot E,1-0,Plot E 1-0,1,May,June,2025-05-07,2025-06-09,167,138,29,0,82.63473053892216,76.02220414639437,88.05102579270991,07 May 2025 to 09 Jun 2025
Plot E,1-0,Plot E 1-0,2,June,July,2025-06-09,2025-07-11,133,122,11,0,91.72932330827068,85.68337343304773,95.79891855760685,09 Jun 2025 to 11 Jul 2025
Plot E,1-0,Plot E 1-0,3,July,August,2025-07-11,2025-08-04,122,119,3,0,97.54098360655738,92.98183101571344,99.48999226129985,11 Jul 2025 to 04 Aug 2025
Plot E,1-0,Plot E 1-0,4,August,September,2025-08-04,2025-09-08,117,108,9,1,92.3076923076923,85.89956133885661,96.4223022130482,04 Aug 2025 to 08 Sep 2025
Plot E,1-0,Plot E 1-0,5,September,October,2025-09-08,2025-10-14,110,109,1,0,99.0909090909091,95.03888106880152,99.97698645944497,08 Sep 2025 to 14 Oct 2025
Plot E,1-0,Plot E 1-0,6,October,November,2025-10-14,2025-11-06,109,109,0,2,100,96.67233352014915,100,14 Oct 2025 to 06 Nov 2025
Plot E,1-0,Plot E 1-0,7,November,December,2025-11-06,2025-12-04,111,105,6,0,94.5945945945946,88.60555122954585,97.99073406955344,06 Nov 2025 to 04 Dec 2025
Plot E,1-0,Plot E 1-0,8,December,January,2025-12-04,2026-01-20,105,105,0,0,100,96.54777858734944,100,04 Dec 2025 to 20 Jan 2026
Plot E,1-1,Plot E 1-1,1,May,June,2025-05-07,2025-06-09,58,52,6,0,89.65517241379311,78.83135422012025,96.10791680776357,07 May 2025 to 09 Jun 2025
Plot E,1-1,Plot E 1-1,2,June,July,2025-06-09,2025-07-11,52,51,1,0,98.07692307692308,89.74464553478822,99.9513237584508,09 Jun 2025 to 11 Jul 2025
Plot E,1-1,Plot E 1-1,3,July,August,2025-07-11,2025-08-04,51,50,1,2,98.03921568627452,89.55251036044828,99.95036955922623,11 Jul 2025 to 04 Aug 2025
Plot E,1-1,Plot E 1-1,4,August,September,2025-08-04,2025-09-08,52,52,0,0,100,93.15177912966804,100,04 Aug 2025 to 08 Sep 2025
Plot E,1-1,Plot E 1-1,5,September,October,2025-09-08,2025-10-14,52,51,1,0,98.07692307692308,89.74464553478822,99.9513237584508,08 Sep 2025 to 14 Oct 2025
Plot E,1-1,Plot E 1-1,6,October,November,2025-10-14,2025-11-06,51,51,0,2,100,93.02229692504613,100,14 Oct 2025 to 06 Nov 2025
Plot E,1-1,Plot E 1-1,7,November,December,2025-11-06,2025-12-04,53,53,0,0,100,93.27654536936988,100,06 Nov 2025 to 04 Dec 2025
Plot E,1-1,Plot E 1-1,8,December,January,2025-12-04,2026-01-20,53,53,0,0,100,93.27654536936988,100,04 Dec 2025 to 20 Jan 2026
Plot F,0-0,Plot F 0-0,1,November,May,2025-11-06,2026-05-01,0,0,0,5,NA,NA,NA,06 Nov 2025 to 01 May 2026
Plot F,0-0,Plot F 0-0,2,May,May,2026-05-01,2026-05-27,5,5,0,0,100,47.81762498950186,100,01 May 2026 to 27 May 2026
Plot F,0-0,Plot F 0-0,3,May,August,2026-05-27,2026-08-20,5,5,0,0,100,47.81762498950186,100,27 May 2026 to 20 Aug 2026
Plot F,0-1,Plot F 0-1,1,November,May,2025-11-06,2026-05-01,0,0,0,4,NA,NA,NA,06 Nov 2025 to 01 May 2026
Plot F,0-1,Plot F 0-1,2,May,May,2026-05-01,2026-05-27,4,4,0,0,100,39.763536438352546,100,01 May 2026 to 27 May 2026
Plot F,0-1,Plot F 0-1,3,May,August,2026-05-27,2026-08-20,4,4,0,0,100,39.763536438352546,100,27 May 2026 to 20 Aug 2026
Plot F,1-0,Plot F 1-0,1,November,May,2025-11-06,2026-05-01,0,0,0,32,NA,NA,NA,06 Nov 2025 to 01 May 2026
Plot F,1-0,Plot F 1-0,2,May,May,2026-05-01,2026-05-27,32,32,0,0,100,89.1118839320647,100,01 May 2026 to 27 May 2026
Plot F,1-0,Plot F 1-0,3,May,August,2026-05-27,2026-08-20,32,29,3,0,90.625,74.97730493162052,98.02328198267152,27 May 2026 to 20 Aug 2026
Plot G,0-0,Plot G 0-0,1,November,April,2025-11-07,2026-04-24,0,0,0,21,NA,NA,NA,07 Nov 2025 to 24 Apr 2026
Plot G,0-0,Plot G 0-0,2,April,May,2026-04-24,2026-05-26,21,21,0,0,100,83.89023847809204,100,24 Apr 2026 to 26 May 2026
Plot G,0-0,Plot G 0-0,3,May,August,2026-05-26,2026-08-13,21,21,0,0,100,83.89023847809204,100,26 May 2026 to 13 Aug 2026
Plot G,0-1,Plot G 0-1,1,November,April,2025-11-07,2026-04-24,0,0,0,3,NA,NA,NA,07 Nov 2025 to 24 Apr 2026
Plot G,0-1,Plot G 0-1,2,April,May,2026-04-24,2026-05-26,3,3,0,0,100,29.240177382128667,100,24 Apr 2026 to 26 May 2026
Plot G,0-1,Plot G 0-1,3,May,August,2026-05-26,2026-08-13,3,3,0,0,100,29.240177382128667,100,26 May 2026 to 13 Aug 2026
Plot G,1-0,Plot G 1-0,1,November,April,2025-11-07,2026-04-24,0,0,0,21,NA,NA,NA,07 Nov 2025 to 24 Apr 2026
Plot G,1-0,Plot G 1-0,2,April,May,2026-04-24,2026-05-26,21,21,0,0,100,83.89023847809204,100,24 Apr 2026 to 26 May 2026
Plot G,1-0,Plot G 1-0,3,May,August,2026-05-26,2026-08-13,20,20,0,0,100,83.15665290169146,100,26 May 2026 to 13 Aug 2026
Plot H,0-0,Plot H 0-0,1,November,April,2025-11-07,2026-04-24,0,0,0,8,NA,NA,NA,07 Nov 2025 to 24 Apr 2026
Plot H,0-0,Plot H 0-0,2,April,May,2026-04-24,2026-05-25,8,8,0,0,100,63.05833524471808,100,24 Apr 2026 to 25 May 2026
Plot H,0-0,Plot H 0-0,3,May,August,2026-05-25,2026-08-13,8,8,0,0,100,63.05833524471808,100,25 May 2026 to 13 Aug 2026
Plot H,0-1,Plot H 0-1,1,November,April,2025-11-07,2026-04-24,0,0,0,3,NA,NA,NA,07 Nov 2025 to 24 Apr 2026
Plot H,0-1,Plot H 0-1,2,April,May,2026-04-24,2026-05-25,3,3,0,0,100,29.240177382128667,100,24 Apr 2026 to 25 May 2026
Plot H,0-1,Plot H 0-1,3,May,August,2026-05-25,2026-08-13,3,3,0,0,100,29.240177382128667,100,25 May 2026 to 13 Aug 2026
Plot H,1-0,Plot H 1-0,1,November,April,2025-11-07,2026-04-24,0,0,0,27,NA,NA,NA,07 Nov 2025 to 24 Apr 2026
Plot H,1-0,Plot H 1-0,2,April,May,2026-04-24,2026-05-25,30,30,0,0,100,88.42966917779722,100,24 Apr 2026 to 25 May 2026
Plot H,1-0,Plot H 1-0,3,May,August,2026-05-25,2026-08-13,31,29,2,0,93.54838709677419,78.57838428365977,99.20890165381454,25 May 2026 to 13 Aug 2026
