plot,plot_section,plot_section_label,interval_order,month_start,month_end,month_start_date,month_end_date,species,n_start,n_survived,n_died,percent_survival,percent_survival_low,percent_survival_high,interval_label
Plot A,0-0,Plot A 0-0,1,November,April,2025-11-14,2026-04-21,Orbicella annularis,0,0,0,NA,NA,NA,14 Nov 2025 to 21 Apr 2026
Plot A,0-0,Plot A 0-0,1,November,April,2025-11-14,2026-04-21,Porites porites,0,0,0,NA,NA,NA,14 Nov 2025 to 21 Apr 2026
Plot A,0-0,Plot A 0-0,2,April,June,2026-04-21,2026-06-22,Orbicella annularis,12,12,0,100,73.53515306029489,100,21 Apr 2026 to 22 Jun 2026
Plot A,0-0,Plot A 0-0,2,April,June,2026-04-21,2026-06-22,Porites porites,12,12,0,100,73.53515306029489,100,21 Apr 2026 to 22 Jun 2026
Plot A,0-0,Plot A 0-0,3,June,August,2026-06-22,2026-08-12,Orbicella annularis,12,12,0,100,73.53515306029489,100,22 Jun 2026 to 12 Aug 2026
Plot A,0-0,Plot A 0-0,3,June,August,2026-06-22,2026-08-12,Porites porites,12,12,0,100,73.53515306029489,100,22 Jun 2026 to 12 Aug 2026
Plot A,1-0,Plot A 1-0,1,November,April,2025-11-14,2026-04-21,Orbicella annularis,0,0,0,NA,NA,NA,14 Nov 2025 to 21 Apr 2026
Plot A,1-0,Plot A 1-0,1,November,April,2025-11-14,2026-04-21,Porites porites,0,0,0,NA,NA,NA,14 Nov 2025 to 21 Apr 2026
Plot A,1-0,Plot A 1-0,2,April,June,2026-04-21,2026-06-22,Orbicella annularis,7,7,0,100,59.038360277499656,100,21 Apr 2026 to 22 Jun 2026
Plot A,1-0,Plot A 1-0,2,April,June,2026-04-21,2026-06-22,Porites porites,12,12,0,100,73.53515306029489,100,21 Apr 2026 to 22 Jun 2026
Plot A,1-0,Plot A 1-0,3,June,August,2026-06-22,2026-08-12,Orbicella annularis,7,7,0,100,59.038360277499656,100,22 Jun 2026 to 12 Aug 2026
Plot A,1-0,Plot A 1-0,3,June,August,2026-06-22,2026-08-12,Porites porites,12,12,0,100,73.53515306029489,100,22 Jun 2026 to 12 Aug 2026
Plot B,0-0,Plot B 0-0,1,November,April,2025-11-03,2026-04-22,Orbicella annularis,0,0,0,NA,NA,NA,03 Nov 2025 to 22 Apr 2026
Plot B,0-0,Plot B 0-0,1,November,April,2025-11-03,2026-04-22,Porites porites,0,0,0,NA,NA,NA,03 Nov 2025 to 22 Apr 2026
Plot B,0-0,Plot B 0-0,2,April,June,2026-04-22,2026-06-09,Montastraea cavernosa,0,0,0,NA,NA,NA,22 Apr 2026 to 09 Jun 2026
Plot B,0-0,Plot B 0-0,2,April,June,2026-04-22,2026-06-09,Orbicella annularis,12,12,0,100,73.53515306029489,100,22 Apr 2026 to 09 Jun 2026
Plot B,0-0,Plot B 0-0,2,April,June,2026-04-22,2026-06-09,Porites porites,10,10,0,100,69.15028921812392,100,22 Apr 2026 to 09 Jun 2026
Plot B,0-0,Plot B 0-0,2,April,June,2026-04-22,2026-06-09,Pseudodiploria strigosa,0,0,0,NA,NA,NA,22 Apr 2026 to 09 Jun 2026
Plot B,0-0,Plot B 0-0,3,June,August,2026-06-09,2026-08-07,Montastraea cavernosa,23,23,0,100,85.18148710847757,100,09 Jun 2026 to 07 Aug 2026
Plot B,0-0,Plot B 0-0,3,June,August,2026-06-09,2026-08-07,Orbicella annularis,17,17,0,100,80.49356770309069,100,09 Jun 2026 to 07 Aug 2026
Plot B,0-0,Plot B 0-0,3,June,August,2026-06-09,2026-08-07,Porites porites,13,13,0,100,75.29473619995291,100,09 Jun 2026 to 07 Aug 2026
Plot B,0-0,Plot B 0-0,3,June,August,2026-06-09,2026-08-07,Pseudodiploria strigosa,1,1,0,100,2.500000000000002,100,09 Jun 2026 to 07 Aug 2026
Plot B,1-0,Plot B 1-0,1,November,April,2025-11-03,2026-04-22,Orbicella annularis,0,0,0,NA,NA,NA,03 Nov 2025 to 22 Apr 2026
Plot B,1-0,Plot B 1-0,1,November,April,2025-11-03,2026-04-22,Porites porites,0,0,0,NA,NA,NA,03 Nov 2025 to 22 Apr 2026
Plot B,1-0,Plot B 1-0,2,April,June,2026-04-22,2026-06-09,Orbicella annularis,7,7,0,100,59.038360277499656,100,22 Apr 2026 to 09 Jun 2026
Plot B,1-0,Plot B 1-0,2,April,June,2026-04-22,2026-06-09,Porites porites,14,14,0,100,76.83642383498835,100,22 Apr 2026 to 09 Jun 2026
Plot B,1-0,Plot B 1-0,3,June,August,2026-06-09,2026-08-07,Orbicella annularis,7,7,0,100,59.038360277499656,100,09 Jun 2026 to 07 Aug 2026
Plot B,1-0,Plot B 1-0,3,June,August,2026-06-09,2026-08-07,Porites porites,14,14,0,100,76.83642383498835,100,09 Jun 2026 to 07 Aug 2026
Plot C,0-0,Plot C 0-0,1,November,April,2025-11-03,2026-04-03,Montastraea cavernosa,0,0,0,NA,NA,NA,03 Nov 2025 to 03 Apr 2026
Plot C,0-0,Plot C 0-0,1,November,April,2025-11-03,2026-04-03,Orbicella annularis,0,0,0,NA,NA,NA,03 Nov 2025 to 03 Apr 2026
Plot C,0-0,Plot C 0-0,1,November,April,2025-11-03,2026-04-03,Orbicella faveolata,0,0,0,NA,NA,NA,03 Nov 2025 to 03 Apr 2026
Plot C,0-0,Plot C 0-0,1,November,April,2025-11-03,2026-04-03,Orbicella franksi,0,0,0,NA,NA,NA,03 Nov 2025 to 03 Apr 2026
Plot C,0-0,Plot C 0-0,1,November,April,2025-11-03,2026-04-03,Porites porites,0,0,0,NA,NA,NA,03 Nov 2025 to 03 Apr 2026
Plot C,0-0,Plot C 0-0,1,November,April,2025-11-03,2026-04-03,Unidentified coral,0,0,0,NA,NA,NA,03 Nov 2025 to 03 Apr 2026
Plot C,0-0,Plot C 0-0,2,April,June,2026-04-03,2026-06-06,Montastraea cavernosa,80,80,0,100,95.49359649323077,100,03 Apr 2026 to 06 Jun 2026
Plot C,0-0,Plot C 0-0,2,April,June,2026-04-03,2026-06-06,Orbicella annularis,7,7,0,100,59.038360277499656,100,03 Apr 2026 to 06 Jun 2026
Plot C,0-0,Plot C 0-0,2,April,June,2026-04-03,2026-06-06,Orbicella faveolata,14,14,0,100,76.83642383498835,100,03 Apr 2026 to 06 Jun 2026
Plot C,0-0,Plot C 0-0,2,April,June,2026-04-03,2026-06-06,Orbicella franksi,36,36,0,100,90.26062440855081,100,03 Apr 2026 to 06 Jun 2026
Plot C,0-0,Plot C 0-0,2,April,June,2026-04-03,2026-06-06,Porites porites,148,147,1,99.32432432432432,96.29300825570272,99.9828948360836,03 Apr 2026 to 06 Jun 2026
Plot C,0-0,Plot C 0-0,2,April,June,2026-04-03,2026-06-06,Unidentified coral,1,0,1,0,0,97.5,03 Apr 2026 to 06 Jun 2026
Plot C,0-0,Plot C 0-0,3,June,August,2026-06-06,2026-08-05,Montastraea cavernosa,78,78,0,100,95.38075796719512,100,06 Jun 2026 to 05 Aug 2026
Plot C,0-0,Plot C 0-0,3,June,August,2026-06-06,2026-08-05,Orbicella annularis,5,5,0,100,47.81762498950186,100,06 Jun 2026 to 05 Aug 2026
Plot C,0-0,Plot C 0-0,3,June,August,2026-06-06,2026-08-05,Orbicella faveolata,15,15,0,100,78.19806390894661,100,06 Jun 2026 to 05 Aug 2026
Plot C,0-0,Plot C 0-0,3,June,August,2026-06-06,2026-08-05,Orbicella franksi,37,37,0,100,90.510941258501,100,06 Jun 2026 to 05 Aug 2026
Plot C,0-0,Plot C 0-0,3,June,August,2026-06-06,2026-08-05,Porites porites,147,124,23,84.35374149659864,77.45359177458722,89.81557277606458,06 Jun 2026 to 05 Aug 2026
Plot C,1-0,Plot C 1-0,1,November,April,2025-11-03,2026-04-03,Montastraea cavernosa,0,0,0,NA,NA,NA,03 Nov 2025 to 03 Apr 2026
Plot C,1-0,Plot C 1-0,1,November,April,2025-11-03,2026-04-03,Orbicella annularis,0,0,0,NA,NA,NA,03 Nov 2025 to 03 Apr 2026
Plot C,1-0,Plot C 1-0,1,November,April,2025-11-03,2026-04-03,Orbicella franksi,0,0,0,NA,NA,NA,03 Nov 2025 to 03 Apr 2026
Plot C,1-0,Plot C 1-0,1,November,April,2025-11-03,2026-04-03,Porites porites,0,0,0,NA,NA,NA,03 Nov 2025 to 03 Apr 2026
Plot C,1-0,Plot C 1-0,2,April,June,2026-04-03,2026-06-06,Montastraea cavernosa,88,87,1,98.86363636363636,93.83062460406134,99.97123390188985,03 Apr 2026 to 06 Jun 2026
Plot C,1-0,Plot C 1-0,2,April,June,2026-04-03,2026-06-06,Orbicella annularis,36,35,1,97.22222222222223,85.47107352531468,99.92969747940951,03 Apr 2026 to 06 Jun 2026
Plot C,1-0,Plot C 1-0,2,April,June,2026-04-03,2026-06-06,Orbicella franksi,79,78,1,98.73417721518987,93.14800905132279,99.96795727656958,03 Apr 2026 to 06 Jun 2026
Plot C,1-0,Plot C 1-0,2,April,June,2026-04-03,2026-06-06,Porites porites,31,30,1,96.7741935483871,83.29788837697723,99.91836299281533,03 Apr 2026 to 06 Jun 2026
Plot C,1-0,Plot C 1-0,3,June,August,2026-06-06,2026-08-05,Montastraea cavernosa,88,87,1,98.86363636363636,93.83062460406134,99.97123390188985,06 Jun 2026 to 05 Aug 2026
Plot C,1-0,Plot C 1-0,3,June,August,2026-06-06,2026-08-05,Orbicella annularis,36,33,3,91.66666666666667,77.53102394430269,98.24735040760653,06 Jun 2026 to 05 Aug 2026
Plot C,1-0,Plot C 1-0,3,June,August,2026-06-06,2026-08-05,Orbicella franksi,84,83,1,98.80952380952381,93.54480315679598,99.96986429411598,06 Jun 2026 to 05 Aug 2026
Plot C,1-0,Plot C 1-0,3,June,August,2026-06-06,2026-08-05,Porites porites,36,36,0,100,90.26062440855081,100,06 Jun 2026 to 05 Aug 2026
Plot D,0-0,Plot D 0-0,1,November,April,2025-11-05,2026-04-16,Montastraea cavernosa,0,0,0,NA,NA,NA,05 Nov 2025 to 16 Apr 2026
Plot D,0-0,Plot D 0-0,1,November,April,2025-11-05,2026-04-16,Orbicella annularis,0,0,0,NA,NA,NA,05 Nov 2025 to 16 Apr 2026
Plot D,0-0,Plot D 0-0,1,November,April,2025-11-05,2026-04-16,Porites porites,0,0,0,NA,NA,NA,05 Nov 2025 to 16 Apr 2026
Plot D,0-0,Plot D 0-0,1,November,April,2025-11-05,2026-04-16,Unidentified coral,0,0,0,NA,NA,NA,05 Nov 2025 to 16 Apr 2026
Plot D,0-0,Plot D 0-0,2,April,June,2026-04-16,2026-06-08,Montastraea cavernosa,47,47,0,100,92.45142663089413,100,16 Apr 2026 to 08 Jun 2026
Plot D,0-0,Plot D 0-0,2,April,June,2026-04-16,2026-06-08,Orbicella annularis,12,12,0,100,73.53515306029489,100,16 Apr 2026 to 08 Jun 2026
Plot D,0-0,Plot D 0-0,2,April,June,2026-04-16,2026-06-08,Porites porites,169,136,33,80.4733727810651,73.6850241730146,86.16112841524584,16 Apr 2026 to 08 Jun 2026
Plot D,0-0,Plot D 0-0,2,April,June,2026-04-16,2026-06-08,Unidentified coral,2,2,0,100,15.811388300841905,100,16 Apr 2026 to 08 Jun 2026
Plot D,0-1,Plot D 0-1,1,November,April,2025-11-05,2026-04-16,Orbicella annularis,0,0,0,NA,NA,NA,05 Nov 2025 to 16 Apr 2026
Plot D,0-1,Plot D 0-1,2,April,June,2026-04-16,2026-06-08,Orbicella annularis,1,1,0,100,2.500000000000002,100,16 Apr 2026 to 08 Jun 2026
Plot D,1-0,Plot D 1-0,1,November,April,2025-11-05,2026-04-16,Orbicella annularis,0,0,0,NA,NA,NA,05 Nov 2025 to 16 Apr 2026
Plot D,1-0,Plot D 1-0,1,November,April,2025-11-05,2026-04-16,Orbicella franksi,0,0,0,NA,NA,NA,05 Nov 2025 to 16 Apr 2026
Plot D,1-0,Plot D 1-0,1,November,April,2025-11-05,2026-04-16,Porites porites,0,0,0,NA,NA,NA,05 Nov 2025 to 16 Apr 2026
Plot D,1-0,Plot D 1-0,2,April,June,2026-04-16,2026-06-08,Orbicella annularis,52,52,0,100,93.15177912966804,100,16 Apr 2026 to 08 Jun 2026
Plot D,1-0,Plot D 1-0,2,April,June,2026-04-16,2026-06-08,Orbicella franksi,11,11,0,100,71.50858470818456,100,16 Apr 2026 to 08 Jun 2026
Plot D,1-0,Plot D 1-0,2,April,June,2026-04-16,2026-06-08,Porites porites,21,21,0,100,83.89023847809204,100,16 Apr 2026 to 08 Jun 2026
Plot E,0-0,Plot E 0-0,1,May,June,2025-05-07,2025-06-09,Acropora palmata,2,2,0,100,15.811388300841905,100,07 May 2025 to 09 Jun 2025
Plot E,0-0,Plot E 0-0,1,May,June,2025-05-07,2025-06-09,Orbicella annularis,64,61,3,95.3125,86.9064262758594,99.02269250455434,07 May 2025 to 09 Jun 2025
Plot E,0-0,Plot E 0-0,1,May,June,2025-05-07,2025-06-09,Orbicella faveolata,30,29,1,96.66666666666667,82.78305443665873,99.91564290733696,07 May 2025 to 09 Jun 2025
Plot E,0-0,Plot E 0-0,1,May,June,2025-05-07,2025-06-09,Orbicella franksi,2,2,0,100,15.811388300841905,100,07 May 2025 to 09 Jun 2025
Plot E,0-0,Plot E 0-0,2,June,July,2025-06-09,2025-07-11,Acropora palmata,7,7,0,100,59.038360277499656,100,09 Jun 2025 to 11 Jul 2025
Plot E,0-0,Plot E 0-0,2,June,July,2025-06-09,2025-07-11,Orbicella annularis,61,61,0,100,94.13187760677074,100,09 Jun 2025 to 11 Jul 2025
Plot E,0-0,Plot E 0-0,2,June,July,2025-06-09,2025-07-11,Orbicella faveolata,29,24,5,82.75862068965517,64.225244558535593,94.15439170273656,09 Jun 2025 to 11 Jul 2025
Plot E,0-0,Plot E 0-0,2,June,July,2025-06-09,2025-07-11,Orbicella franksi,2,2,0,100,15.811388300841905,100,09 Jun 2025 to 11 Jul 2025
Plot E,0-0,Plot E 0-0,3,July,August,2025-07-11,2025-08-04,Acropora palmata,7,6,1,85.71428571428571,42.127680295680484,99.63897031380993,11 Jul 2025 to 04 Aug 2025
Plot E,0-0,Plot E 0-0,3,July,August,2025-07-11,2025-08-04,Empty,1,1,0,100,2.500000000000002,100,11 Jul 2025 to 04 Aug 2025
Plot E,0-0,Plot E 0-0,3,July,August,2025-07-11,2025-08-04,Orbicella annularis,58,57,1,98.27586206896552,90.76389478576247,99.95635813275813,11 Jul 2025 to 04 Aug 2025
Plot E,0-0,Plot E 0-0,3,July,August,2025-07-11,2025-08-04,Orbicella faveolata,25,25,0,100,86.28148284692875,100,11 Jul 2025 to 04 Aug 2025
Plot E,0-0,Plot E 0-0,3,July,August,2025-07-11,2025-08-04,Orbicella franksi,2,2,0,100,15.811388300841905,100,11 Jul 2025 to 04 Aug 2025
Plot E,0-0,Plot E 0-0,4,August,September,2025-08-04,2025-09-08,Acropora palmata,6,6,0,100,54.074187356009965,100,04 Aug 2025 to 08 Sep 2025
Plot E,0-0,Plot E 0-0,4,August,September,2025-08-04,2025-09-08,Orbicella annularis,59,57,2,96.61016949152543,88.28515361116068,99.58680670276348,04 Aug 2025 to 08 Sep 2025
Plot E,0-0,Plot E 0-0,4,August,September,2025-08-04,2025-09-08,Orbicella faveolata,24,23,1,95.83333333333333,78.87983165430269,99.89456475545303,04 Aug 2025 to 08 Sep 2025
Plot E,0-0,Plot E 0-0,4,August,September,2025-08-04,2025-09-08,Orbicella franksi,2,2,0,100,15.811388300841905,100,04 Aug 2025 to 08 Sep 2025
Plot E,0-0,Plot E 0-0,5,September,October,2025-09-08,2025-10-14,Acropora palmata,6,6,0,100,54.074187356009965,100,08 Sep 2025 to 14 Oct 2025
Plot E,0-0,Plot E 0-0,5,September,October,2025-09-08,2025-10-14,Orbicella annularis,56,56,0,100,93.62499033376378,100,08 Sep 2025 to 14 Oct 2025
Plot E,0-0,Plot E 0-0,5,September,October,2025-09-08,2025-10-14,Orbicella faveolata,23,23,0,100,85.18148710847757,100,08 Sep 2025 to 14 Oct 2025
Plot E,0-0,Plot E 0-0,5,September,October,2025-09-08,2025-10-14,Orbicella franksi,2,2,0,100,15.811388300841905,100,08 Sep 2025 to 14 Oct 2025
Plot E,0-0,Plot E 0-0,6,October,November,2025-10-14,2025-11-06,Acropora palmata,6,6,0,100,54.074187356009965,100,14 Oct 2025 to 06 Nov 2025
Plot E,0-0,Plot E 0-0,6,October,November,2025-10-14,2025-11-06,Orbicella annularis,56,54,2,96.42857142857143,87.68681925420042,99.56451872589473,14 Oct 2025 to 06 Nov 2025
Plot E,0-0,Plot E 0-0,6,October,November,2025-10-14,2025-11-06,Orbicella faveolata,23,23,0,100,85.18148710847757,100,14 Oct 2025 to 06 Nov 2025
Plot E,0-0,Plot E 0-0,6,October,November,2025-10-14,2025-11-06,Orbicella franksi,2,2,0,100,15.811388300841905,100,14 Oct 2025 to 06 Nov 2025
Plot E,0-0,Plot E 0-0,7,November,December,2025-11-06,2025-12-04,Acropora palmata,6,6,0,100,54.074187356009965,100,06 Nov 2025 to 04 Dec 2025
Plot E,0-0,Plot E 0-0,7,November,December,2025-11-06,2025-12-04,Orbicella annularis,55,48,7,87.27272727272727,75.51972796779751,94.72648170362706,06 Nov 2025 to 04 Dec 2025
Plot E,0-0,Plot E 0-0,7,November,December,2025-11-06,2025-12-04,Orbicella faveolata,23,22,1,95.65217391304348,78.05133925465195,99.88998313695585,06 Nov 2025 to 04 Dec 2025
Plot E,0-0,Plot E 0-0,7,November,December,2025-11-06,2025-12-04,Orbicella franksi,2,2,0,100,15.811388300841905,100,06 Nov 2025 to 04 Dec 2025
Plot E,0-0,Plot E 0-0,8,December,January,2025-12-04,2026-01-20,Acropora palmata,6,6,0,100,54.074187356009965,100,04 Dec 2025 to 20 Jan 2026
Plot E,0-0,Plot E 0-0,8,December,January,2025-12-04,2026-01-20,Orbicella annularis,45,42,3,93.33333333333333,81.73155434217733,98.60349029556295,04 Dec 2025 to 20 Jan 2026
Plot E,0-0,Plot E 0-0,8,December,January,2025-12-04,2026-01-20,Orbicella faveolata,23,23,0,100,85.18148710847757,100,04 Dec 2025 to 20 Jan 2026
Plot E,0-0,Plot E 0-0,8,December,January,2025-12-04,2026-01-20,Orbicella franksi,2,2,0,100,15.811388300841905,100,04 Dec 2025 to 20 Jan 2026
Plot E,0-0,Plot E 0-0,9,January,February,2026-01-20,2026-02-16,Acropora palmata,6,4,2,66.66666666666667,22.27780955035122,95.67281317072582,20 Jan 2026 to 16 Feb 2026
Plot E,0-0,Plot E 0-0,9,January,February,2026-01-20,2026-02-16,Orbicella annularis,43,40,3,93.02325581395348,80.93927681142077,98.53745030048677,20 Jan 2026 to 16 Feb 2026
Plot E,0-0,Plot E 0-0,9,January,February,2026-01-20,2026-02-16,Orbicella faveolata,22,22,0,100,84.56274871844255,100,20 Jan 2026 to 16 Feb 2026
Plot E,0-0,Plot E 0-0,9,January,February,2026-01-20,2026-02-16,Orbicella franksi,2,2,0,100,15.811388300841905,100,20 Jan 2026 to 16 Feb 2026
Plot E,0-0,Plot E 0-0,10,February,March,2026-02-16,2026-03-25,Acropora palmata,4,3,1,75,19.41204496832434,99.36905367902902,16 Feb 2026 to 25 Mar 2026
Plot E,0-0,Plot E 0-0,10,February,March,2026-02-16,2026-03-25,Orbicella annularis,36,33,3,91.66666666666667,77.53102394430269,98.24735040760653,16 Feb 2026 to 25 Mar 2026
Plot E,0-0,Plot E 0-0,10,February,March,2026-02-16,2026-03-25,Orbicella faveolata,21,21,0,100,83.89023847809204,100,16 Feb 2026 to 25 Mar 2026
Plot E,0-0,Plot E 0-0,10,February,March,2026-02-16,2026-03-25,Orbicella franksi,3,3,0,100,29.240177382128667,100,16 Feb 2026 to 25 Mar 2026
Plot E,0-0,Plot E 0-0,11,March,April,2026-03-25,2026-04-09,Acropora palmata,3,0,3,0,0,70.75982261787132,25 Mar 2026 to 09 Apr 2026
Plot E,0-0,Plot E 0-0,11,March,April,2026-03-25,2026-04-09,Diploria labyrinthiformis,0,0,0,NA,NA,NA,25 Mar 2026 to 09 Apr 2026
Plot E,0-0,Plot E 0-0,11,March,April,2026-03-25,2026-04-09,Montastraea cavernosa,0,0,0,NA,NA,NA,25 Mar 2026 to 09 Apr 2026
Plot E,0-0,Plot E 0-0,11,March,April,2026-03-25,2026-04-09,Orbicella annularis,31,31,0,100,88.78112530776299,100,25 Mar 2026 to 09 Apr 2026
Plot E,0-0,Plot E 0-0,11,March,April,2026-03-25,2026-04-09,Orbicella faveolata,21,21,0,100,83.89023847809204,100,25 Mar 2026 to 09 Apr 2026
Plot E,0-0,Plot E 0-0,11,March,April,2026-03-25,2026-04-09,Orbicella franksi,3,3,0,100,29.240177382128667,100,25 Mar 2026 to 09 Apr 2026
Plot E,0-0,Plot E 0-0,11,March,April,2026-03-25,2026-04-09,Pseudodiploria strigosa,0,0,0,NA,NA,NA,25 Mar 2026 to 09 Apr 2026
Plot E,0-0,Plot E 0-0,12,April,May,2026-04-09,2026-05-04,Diploria labyrinthiformis,32,32,0,100,89.1118839320647,100,09 Apr 2026 to 04 May 2026
Plot E,0-0,Plot E 0-0,12,April,May,2026-04-09,2026-05-04,Montastraea cavernosa,40,40,0,100,91.19026971211977,100,09 Apr 2026 to 04 May 2026
Plot E,0-0,Plot E 0-0,12,April,May,2026-04-09,2026-05-04,Orbicella annularis,112,109,3,97.32142857142857,92.37137752742358,99.44417079349599,09 Apr 2026 to 04 May 2026
Plot E,0-0,Plot E 0-0,12,April,May,2026-04-09,2026-05-04,Orbicella faveolata,22,22,0,100,84.56274871844255,100,09 Apr 2026 to 04 May 2026
Plot E,0-0,Plot E 0-0,12,April,May,2026-04-09,2026-05-04,Orbicella franksi,53,53,0,100,93.27654536936988,100,09 Apr 2026 to 04 May 2026
Plot E,0-0,Plot E 0-0,12,April,May,2026-04-09,2026-05-04,Pseudodiploria strigosa,75,75,0,100,95.20049359448578,100,09 Apr 2026 to 04 May 2026
Plot E,0-1,Plot E 0-1,1,May,June,2025-05-07,2025-06-09,Acropora cervicornis,4,4,0,100,39.763536438352546,100,07 May 2025 to 09 Jun 2025
Plot E,0-1,Plot E 0-1,1,May,June,2025-05-07,2025-06-09,Acropora palmata,32,32,0,100,89.1118839320647,100,07 May 2025 to 09 Jun 2025
Plot E,0-1,Plot E 0-1,1,May,June,2025-05-07,2025-06-09,Orbicella annularis,81,81,0,100,95.54797375436782,100,07 May 2025 to 09 Jun 2025
Plot E,0-1,Plot E 0-1,1,May,June,2025-05-07,2025-06-09,Orbicella sp.,2,2,0,100,15.811388300841905,100,07 May 2025 to 09 Jun 2025
Plot E,0-1,Plot E 0-1,1,May,June,2025-05-07,2025-06-09,Unidentified coral,1,1,0,100,2.500000000000002,100,07 May 2025 to 09 Jun 2025
Plot E,0-1,Plot E 0-1,2,June,July,2025-06-09,2025-07-11,Acropora cervicornis,4,4,0,100,39.763536438352546,100,09 Jun 2025 to 11 Jul 2025
Plot E,0-1,Plot E 0-1,2,June,July,2025-06-09,2025-07-11,Acropora palmata,33,25,8,75.75757575757575,57.7410682288298,88.90767004411605,09 Jun 2025 to 11 Jul 2025
Plot E,0-1,Plot E 0-1,2,June,July,2025-06-09,2025-07-11,Orbicella annularis,81,81,0,100,95.54797375436782,100,09 Jun 2025 to 11 Jul 2025
Plot E,0-1,Plot E 0-1,2,June,July,2025-06-09,2025-07-11,Orbicella sp.,2,2,0,100,15.811388300841905,100,09 Jun 2025 to 11 Jul 2025
Plot E,0-1,Plot E 0-1,3,July,August,2025-07-11,2025-08-04,Acropora cervicornis,4,4,0,100,39.763536438352546,100,11 Jul 2025 to 04 Aug 2025
Plot E,0-1,Plot E 0-1,3,July,August,2025-07-11,2025-08-04,Acropora palmata,25,21,4,84,63.91715455407279,95.46205476282904,11 Jul 2025 to 04 Aug 2025
Plot E,0-1,Plot E 0-1,3,July,August,2025-07-11,2025-08-04,Orbicella annularis,81,81,0,100,95.54797375436782,100,11 Jul 2025 to 04 Aug 2025
Plot E,0-1,Plot E 0-1,3,July,August,2025-07-11,2025-08-04,Orbicella sp.,2,2,0,100,15.811388300841905,100,11 Jul 2025 to 04 Aug 2025
Plot E,0-1,Plot E 0-1,4,August,September,2025-08-04,2025-09-08,Acropora cervicornis,4,4,0,100,39.763536438352546,100,04 Aug 2025 to 08 Sep 2025
Plot E,0-1,Plot E 0-1,4,August,September,2025-08-04,2025-09-08,Acropora palmata,22,21,1,95.45454545454545,77.15556023323666,99.88498524734264,04 Aug 2025 to 08 Sep 2025
Plot E,0-1,Plot E 0-1,4,August,September,2025-08-04,2025-09-08,Orbicella annularis,81,80,1,98.76543209876543,93.31243790677892,99.96874833128462,04 Aug 2025 to 08 Sep 2025
Plot E,0-1,Plot E 0-1,4,August,September,2025-08-04,2025-09-08,Orbicella sp.,2,2,0,100,15.811388300841905,100,04 Aug 2025 to 08 Sep 2025
Plot E,0-1,Plot E 0-1,5,September,October,2025-09-08,2025-10-14,Acropora cervicornis,4,4,0,100,39.763536438352546,100,08 Sep 2025 to 14 Oct 2025
Plot E,0-1,Plot E 0-1,5,September,October,2025-09-08,2025-10-14,Acropora palmata,21,21,0,100,83.89023847809204,100,08 Sep 2025 to 14 Oct 2025
Plot E,0-1,Plot E 0-1,5,September,October,2025-09-08,2025-10-14,Orbicella annularis,70,70,0,100,94.86662028489764,100,08 Sep 2025 to 14 Oct 2025
Plot E,0-1,Plot E 0-1,5,September,October,2025-09-08,2025-10-14,Orbicella sp.,2,2,0,100,15.811388300841905,100,08 Sep 2025 to 14 Oct 2025
Plot E,0-1,Plot E 0-1,6,October,November,2025-10-14,2025-11-06,Acropora cervicornis,4,4,0,100,39.763536438352546,100,14 Oct 2025 to 06 Nov 2025
Plot E,0-1,Plot E 0-1,6,October,November,2025-10-14,2025-11-06,Acropora palmata,21,21,0,100,83.89023847809204,100,14 Oct 2025 to 06 Nov 2025
Plot E,0-1,Plot E 0-1,6,October,November,2025-10-14,2025-11-06,Orbicella annularis,70,70,0,100,94.86662028489764,100,14 Oct 2025 to 06 Nov 2025
Plot E,0-1,Plot E 0-1,6,October,November,2025-10-14,2025-11-06,Orbicella sp.,2,2,0,100,15.811388300841905,100,14 Oct 2025 to 06 Nov 2025
Plot E,0-1,Plot E 0-1,7,November,December,2025-11-06,2025-12-04,Acropora cervicornis,4,4,0,100,39.763536438352546,100,06 Nov 2025 to 04 Dec 2025
Plot E,0-1,Plot E 0-1,7,November,December,2025-11-06,2025-12-04,Acropora palmata,21,19,2,90.47619047619048,69.62255930860758,98.82506821155542,06 Nov 2025 to 04 Dec 2025
Plot E,0-1,Plot E 0-1,7,November,December,2025-11-06,2025-12-04,Orbicella annularis,70,70,0,100,94.86662028489764,100,06 Nov 2025 to 04 Dec 2025
Plot E,0-1,Plot E 0-1,7,November,December,2025-11-06,2025-12-04,Orbicella sp.,2,2,0,100,15.811388300841905,100,06 Nov 2025 to 04 Dec 2025
Plot E,0-1,Plot E 0-1,8,December,January,2025-12-04,2026-01-20,Acropora cervicornis,4,4,0,100,39.763536438352546,100,04 Dec 2025 to 20 Jan 2026
Plot E,0-1,Plot E 0-1,8,December,January,2025-12-04,2026-01-20,Acropora palmata,18,18,0,100,81.46980318621478,100,04 Dec 2025 to 20 Jan 2026
Plot E,0-1,Plot E 0-1,8,December,January,2025-12-04,2026-01-20,Orbicella annularis,71,71,0,100,94.93705920455963,100,04 Dec 2025 to 20 Jan 2026
Plot E,0-1,Plot E 0-1,8,December,January,2025-12-04,2026-01-20,Orbicella sp.,2,0,2,0,0,84.1886116991581,04 Dec 2025 to 20 Jan 2026
Plot E,0-1,Plot E 0-1,9,January,February,2026-01-20,2026-02-16,Acropora cervicornis,4,2,2,50,6.7585986488543,93.2414013511457,20 Jan 2026 to 16 Feb 2026
Plot E,0-1,Plot E 0-1,9,January,February,2026-01-20,2026-02-16,Acropora palmata,19,19,0,100,82.35330881930348,100,20 Jan 2026 to 16 Feb 2026
Plot E,0-1,Plot E 0-1,9,January,February,2026-01-20,2026-02-16,Orbicella annularis,72,72,0,100,95.00559162941454,100,20 Jan 2026 to 16 Feb 2026
Plot E,0-1,Plot E 0-1,10,February,March,2026-02-16,2026-03-25,Acropora cervicornis,2,1,1,50,1.2579117093425058,98.74208829065749,16 Feb 2026 to 25 Mar 2026
Plot E,0-1,Plot E 0-1,10,February,March,2026-02-16,2026-03-25,Acropora palmata,16,6,10,37.5,15.198367508112206,64.56539056979219,16 Feb 2026 to 25 Mar 2026
Plot E,0-1,Plot E 0-1,10,February,March,2026-02-16,2026-03-25,Diploria labyrinthiformis,0,0,0,NA,NA,NA,16 Feb 2026 to 25 Mar 2026
Plot E,0-1,Plot E 0-1,10,February,March,2026-02-16,2026-03-25,Orbicella annularis,72,70,2,97.22222222222223,90.32327108865849,99.66180996738268,16 Feb 2026 to 25 Mar 2026
Plot E,0-1,Plot E 0-1,11,March,April,2026-03-25,2026-04-09,Acropora cervicornis,1,1,0,100,2.500000000000002,100,25 Mar 2026 to 09 Apr 2026
Plot E,0-1,Plot E 0-1,11,March,April,2026-03-25,2026-04-09,Acropora palmata,6,6,0,100,54.074187356009965,100,25 Mar 2026 to 09 Apr 2026
Plot E,0-1,Plot E 0-1,11,March,April,2026-03-25,2026-04-09,Diploria labyrinthiformis,1,1,0,100,2.500000000000002,100,25 Mar 2026 to 09 Apr 2026
Plot E,0-1,Plot E 0-1,11,March,April,2026-03-25,2026-04-09,Montastraea cavernosa,0,0,0,NA,NA,NA,25 Mar 2026 to 09 Apr 2026
Plot E,0-1,Plot E 0-1,11,March,April,2026-03-25,2026-04-09,Orbicella annularis,70,62,8,88.57142857142857,78.71719578309097,94.93478012096436,25 Mar 2026 to 09 Apr 2026
Plot E,0-1,Plot E 0-1,11,March,April,2026-03-25,2026-04-09,Orbicella faveolata,0,0,0,NA,NA,NA,25 Mar 2026 to 09 Apr 2026
Plot E,0-1,Plot E 0-1,11,March,April,2026-03-25,2026-04-09,Pseudodiploria strigosa,0,0,0,NA,NA,NA,25 Mar 2026 to 09 Apr 2026
Plot E,0-1,Plot E 0-1,12,April,May,2026-04-09,2026-05-04,Acropora cervicornis,1,1,0,100,2.500000000000002,100,09 Apr 2026 to 04 May 2026
Plot E,0-1,Plot E 0-1,12,April,May,2026-04-09,2026-05-04,Acropora palmata,6,5,1,83.33333333333333,35.87654210023252,99.57892554855106,09 Apr 2026 to 04 May 2026
Plot E,0-1,Plot E 0-1,12,April,May,2026-04-09,2026-05-04,Diploria labyrinthiformis,1,1,0,100,2.500000000000002,100,09 Apr 2026 to 04 May 2026
Plot E,0-1,Plot E 0-1,12,April,May,2026-04-09,2026-05-04,Montastraea cavernosa,20,20,0,100,83.15665290169146,100,09 Apr 2026 to 04 May 2026
Plot E,0-1,Plot E 0-1,12,April,May,2026-04-09,2026-05-04,Orbicella annularis,127,122,5,96.06299212598425,91.05148521026872,98.709504489828,09 Apr 2026 to 04 May 2026
Plot E,0-1,Plot E 0-1,12,April,May,2026-04-09,2026-05-04,Orbicella faveolata,20,20,0,100,83.15665290169146,100,09 Apr 2026 to 04 May 2026
Plot E,0-1,Plot E 0-1,12,April,May,2026-04-09,2026-05-04,Pseudodiploria strigosa,60,59,1,98.33333333333333,91.0600949942513,99.9578125547658,09 Apr 2026 to 04 May 2026
Plot E,1-0,Plot E 1-0,1,May,June,2025-05-07,2025-06-09,Acropora cervicornis,9,7,2,77.77777777777777,39.99064262836879,97.18550265221018,07 May 2025 to 09 Jun 2025
Plot E,1-0,Plot E 1-0,1,May,June,2025-05-07,2025-06-09,Acropora palmata,43,19,24,44.18604651162791,29.078117788106457,60.12461353915182,07 May 2025 to 09 Jun 2025
Plot E,1-0,Plot E 1-0,1,May,June,2025-05-07,2025-06-09,Orbicella annularis,68,65,3,95.58823529411765,87.64373756682213,99.08078047972127,07 May 2025 to 09 Jun 2025
Plot E,1-0,Plot E 1-0,1,May,June,2025-05-07,2025-06-09,Orbicella faveolata,23,23,0,100,85.18148710847757,100,07 May 2025 to 09 Jun 2025
Plot E,1-0,Plot E 1-0,1,May,June,2025-05-07,2025-06-09,Orbicella franksi,24,24,0,100,85.75264022774743,100,07 May 2025 to 09 Jun 2025
Plot E,1-0,Plot E 1-0,2,June,July,2025-06-09,2025-07-11,Acropora cervicornis,7,7,0,100,59.038360277499656,100,09 Jun 2025 to 11 Jul 2025
Plot E,1-0,Plot E 1-0,2,June,July,2025-06-09,2025-07-11,Acropora palmata,19,13,6,68.42105263157895,43.44984311538491,87.42393641270168,09 Jun 2025 to 11 Jul 2025
Plot E,1-0,Plot E 1-0,2,June,July,2025-06-09,2025-07-11,Orbicella annularis,60,55,5,91.66666666666667,81.61422166234142,97.23866896625736,09 Jun 2025 to 11 Jul 2025
Plot E,1-0,Plot E 1-0,2,June,July,2025-06-09,2025-07-11,Orbicella faveolata,23,23,0,100,85.18148710847757,100,09 Jun 2025 to 11 Jul 2025
Plot E,1-0,Plot E 1-0,2,June,July,2025-06-09,2025-07-11,Orbicella franksi,24,24,0,100,85.75264022774743,100,09 Jun 2025 to 11 Jul 2025
Plot E,1-0,Plot E 1-0,3,July,August,2025-07-11,2025-08-04,Acropora cervicornis,7,7,0,100,59.038360277499656,100,11 Jul 2025 to 04 Aug 2025
Plot E,1-0,Plot E 1-0,3,July,August,2025-07-11,2025-08-04,Acropora palmata,13,10,3,76.92307692307692,46.186846076595906,94.96189265088485,11 Jul 2025 to 04 Aug 2025
Plot E,1-0,Plot E 1-0,3,July,August,2025-07-11,2025-08-04,Orbicella annularis,55,55,0,100,93.51292391745754,100,11 Jul 2025 to 04 Aug 2025
Plot E,1-0,Plot E 1-0,3,July,August,2025-07-11,2025-08-04,Orbicella faveolata,23,23,0,100,85.18148710847757,100,11 Jul 2025 to 04 Aug 2025
Plot E,1-0,Plot E 1-0,3,July,August,2025-07-11,2025-08-04,Orbicella franksi,24,24,0,100,85.75264022774743,100,11 Jul 2025 to 04 Aug 2025
Plot E,1-0,Plot E 1-0,4,August,September,2025-08-04,2025-09-08,Acropora cervicornis,7,5,2,71.42857142857143,29.04208637373427,96.33074338239145,04 Aug 2025 to 08 Sep 2025
Plot E,1-0,Plot E 1-0,4,August,September,2025-08-04,2025-09-08,Acropora palmata,8,8,0,100,63.05833524471808,100,04 Aug 2025 to 08 Sep 2025
Plot E,1-0,Plot E 1-0,4,August,September,2025-08-04,2025-09-08,Orbicella annularis,55,48,7,87.27272727272727,75.51972796779751,94.72648170362706,04 Aug 2025 to 08 Sep 2025
Plot E,1-0,Plot E 1-0,4,August,September,2025-08-04,2025-09-08,Orbicella faveolata,23,23,0,100,85.18148710847757,100,04 Aug 2025 to 08 Sep 2025
Plot E,1-0,Plot E 1-0,4,August,September,2025-08-04,2025-09-08,Orbicella franksi,24,24,0,100,85.75264022774743,100,04 Aug 2025 to 08 Sep 2025
Plot E,1-0,Plot E 1-0,5,September,October,2025-09-08,2025-10-14,Acropora cervicornis,5,5,0,100,47.81762498950186,100,08 Sep 2025 to 14 Oct 2025
Plot E,1-0,Plot E 1-0,5,September,October,2025-09-08,2025-10-14,Acropora palmata,8,8,0,100,63.05833524471808,100,08 Sep 2025 to 14 Oct 2025
Plot E,1-0,Plot E 1-0,5,September,October,2025-09-08,2025-10-14,Orbicella annularis,50,49,1,98,89.35304542885001,99.94937720169592,08 Sep 2025 to 14 Oct 2025
Plot E,1-0,Plot E 1-0,5,September,October,2025-09-08,2025-10-14,Orbicella faveolata,23,23,0,100,85.18148710847757,100,08 Sep 2025 to 14 Oct 2025
Plot E,1-0,Plot E 1-0,5,September,October,2025-09-08,2025-10-14,Orbicella franksi,24,24,0,100,85.75264022774743,100,08 Sep 2025 to 14 Oct 2025
Plot E,1-0,Plot E 1-0,6,October,November,2025-10-14,2025-11-06,Acropora cervicornis,5,5,0,100,47.81762498950186,100,14 Oct 2025 to 06 Nov 2025
Plot E,1-0,Plot E 1-0,6,October,November,2025-10-14,2025-11-06,Acropora palmata,8,8,0,100,63.05833524471808,100,14 Oct 2025 to 06 Nov 2025
Plot E,1-0,Plot E 1-0,6,October,November,2025-10-14,2025-11-06,Orbicella annularis,49,49,0,100,92.74807363357226,100,14 Oct 2025 to 06 Nov 2025
Plot E,1-0,Plot E 1-0,6,October,November,2025-10-14,2025-11-06,Orbicella faveolata,23,23,0,100,85.18148710847757,100,14 Oct 2025 to 06 Nov 2025
Plot E,1-0,Plot E 1-0,6,October,November,2025-10-14,2025-11-06,Orbicella franksi,24,24,0,100,85.75264022774743,100,14 Oct 2025 to 06 Nov 2025
Plot E,1-0,Plot E 1-0,7,November,December,2025-11-06,2025-12-04,Acropora cervicornis,5,5,0,100,47.81762498950186,100,06 Nov 2025 to 04 Dec 2025
Plot E,1-0,Plot E 1-0,7,November,December,2025-11-06,2025-12-04,Acropora palmata,8,8,0,100,63.05833524471808,100,06 Nov 2025 to 04 Dec 2025
Plot E,1-0,Plot E 1-0,7,November,December,2025-11-06,2025-12-04,Orbicella annularis,51,45,6,88.23529411764706,76.13239527359255,95.55798581436852,06 Nov 2025 to 04 Dec 2025
Plot E,1-0,Plot E 1-0,7,November,December,2025-11-06,2025-12-04,Orbicella faveolata,23,23,0,100,85.18148710847757,100,06 Nov 2025 to 04 Dec 2025
Plot E,1-0,Plot E 1-0,7,November,December,2025-11-06,2025-12-04,Orbicella franksi,24,24,0,100,85.75264022774743,100,06 Nov 2025 to 04 Dec 2025
Plot E,1-0,Plot E 1-0,8,December,January,2025-12-04,2026-01-20,Acropora cervicornis,5,5,0,100,47.81762498950186,100,04 Dec 2025 to 20 Jan 2026
Plot E,1-0,Plot E 1-0,8,December,January,2025-12-04,2026-01-20,Acropora palmata,8,8,0,100,63.05833524471808,100,04 Dec 2025 to 20 Jan 2026
Plot E,1-0,Plot E 1-0,8,December,January,2025-12-04,2026-01-20,Orbicella annularis,45,45,0,100,92.12948995931569,100,04 Dec 2025 to 20 Jan 2026
Plot E,1-0,Plot E 1-0,8,December,January,2025-12-04,2026-01-20,Orbicella faveolata,23,23,0,100,85.18148710847757,100,04 Dec 2025 to 20 Jan 2026
Plot E,1-0,Plot E 1-0,8,December,January,2025-12-04,2026-01-20,Orbicella franksi,24,24,0,100,85.75264022774743,100,04 Dec 2025 to 20 Jan 2026
Plot E,1-1,Plot E 1-1,1,May,June,2025-05-07,2025-06-09,Acropora palmata,12,6,6,50,21.094463823929672,78.90553617607033,07 May 2025 to 09 Jun 2025
Plot E,1-1,Plot E 1-1,1,May,June,2025-05-07,2025-06-09,Orbicella annularis,25,25,0,100,86.28148284692875,100,07 May 2025 to 09 Jun 2025
Plot E,1-1,Plot E 1-1,1,May,June,2025-05-07,2025-06-09,Orbicella faveolata,3,3,0,100,29.240177382128667,100,07 May 2025 to 09 Jun 2025
Plot E,1-1,Plot E 1-1,1,May,June,2025-05-07,2025-06-09,Orbicella franksi,18,18,0,100,81.46980318621478,100,07 May 2025 to 09 Jun 2025
Plot E,1-1,Plot E 1-1,2,June,July,2025-06-09,2025-07-11,Acropora palmata,6,6,0,100,54.074187356009965,100,09 Jun 2025 to 11 Jul 2025
Plot E,1-1,Plot E 1-1,2,June,July,2025-06-09,2025-07-11,Orbicella annularis,25,24,1,96,79.6483086077586,99.8987800300689,09 Jun 2025 to 11 Jul 2025
Plot E,1-1,Plot E 1-1,2,June,July,2025-06-09,2025-07-11,Orbicella faveolata,3,3,0,100,29.240177382128667,100,09 Jun 2025 to 11 Jul 2025
Plot E,1-1,Plot E 1-1,2,June,July,2025-06-09,2025-07-11,Orbicella franksi,18,18,0,100,81.46980318621478,100,09 Jun 2025 to 11 Jul 2025
Plot E,1-1,Plot E 1-1,3,July,August,2025-07-11,2025-08-04,Acropora palmata,6,6,0,100,54.074187356009965,100,11 Jul 2025 to 04 Aug 2025
Plot E,1-1,Plot E 1-1,3,July,August,2025-07-11,2025-08-04,Orbicella annularis,24,23,1,95.83333333333333,78.87983165430269,99.89456475545303,11 Jul 2025 to 04 Aug 2025
Plot E,1-1,Plot E 1-1,3,July,August,2025-07-11,2025-08-04,Orbicella faveolata,3,3,0,100,29.240177382128667,100,11 Jul 2025 to 04 Aug 2025
Plot E,1-1,Plot E 1-1,3,July,August,2025-07-11,2025-08-04,Orbicella franksi,18,18,0,100,81.46980318621478,100,11 Jul 2025 to 04 Aug 2025
Plot E,1-1,Plot E 1-1,3,July,August,2025-07-11,2025-08-04,Orbicella sp.,0,0,0,NA,NA,NA,11 Jul 2025 to 04 Aug 2025
Plot E,1-1,Plot E 1-1,4,August,September,2025-08-04,2025-09-08,Acropora palmata,6,6,0,100,54.074187356009965,100,04 Aug 2025 to 08 Sep 2025
Plot E,1-1,Plot E 1-1,4,August,September,2025-08-04,2025-09-08,Orbicella annularis,23,23,0,100,85.18148710847757,100,04 Aug 2025 to 08 Sep 2025
Plot E,1-1,Plot E 1-1,4,August,September,2025-08-04,2025-09-08,Orbicella faveolata,3,3,0,100,29.240177382128667,100,04 Aug 2025 to 08 Sep 2025
Plot E,1-1,Plot E 1-1,4,August,September,2025-08-04,2025-09-08,Orbicella franksi,18,18,0,100,81.46980318621478,100,04 Aug 2025 to 08 Sep 2025
Plot E,1-1,Plot E 1-1,4,August,September,2025-08-04,2025-09-08,Orbicella sp.,2,2,0,100,15.811388300841905,100,04 Aug 2025 to 08 Sep 2025
Plot E,1-1,Plot E 1-1,5,September,October,2025-09-08,2025-10-14,Acropora palmata,6,6,0,100,54.074187356009965,100,08 Sep 2025 to 14 Oct 2025
Plot E,1-1,Plot E 1-1,5,September,October,2025-09-08,2025-10-14,Orbicella annularis,23,23,0,100,85.18148710847757,100,08 Sep 2025 to 14 Oct 2025
Plot E,1-1,Plot E 1-1,5,September,October,2025-09-08,2025-10-14,Orbicella faveolata,3,3,0,100,29.240177382128667,100,08 Sep 2025 to 14 Oct 2025
Plot E,1-1,Plot E 1-1,5,September,October,2025-09-08,2025-10-14,Orbicella franksi,18,18,0,100,81.46980318621478,100,08 Sep 2025 to 14 Oct 2025
Plot E,1-1,Plot E 1-1,5,September,October,2025-09-08,2025-10-14,Orbicella sp.,2,1,1,50,1.2579117093425058,98.74208829065749,08 Sep 2025 to 14 Oct 2025
Plot E,1-1,Plot E 1-1,6,October,November,2025-10-14,2025-11-06,Acropora palmata,6,6,0,100,54.074187356009965,100,14 Oct 2025 to 06 Nov 2025
Plot E,1-1,Plot E 1-1,6,October,November,2025-10-14,2025-11-06,Orbicella annularis,23,23,0,100,85.18148710847757,100,14 Oct 2025 to 06 Nov 2025
Plot E,1-1,Plot E 1-1,6,October,November,2025-10-14,2025-11-06,Orbicella faveolata,3,3,0,100,29.240177382128667,100,14 Oct 2025 to 06 Nov 2025
Plot E,1-1,Plot E 1-1,6,October,November,2025-10-14,2025-11-06,Orbicella franksi,18,18,0,100,81.46980318621478,100,14 Oct 2025 to 06 Nov 2025
Plot E,1-1,Plot E 1-1,6,October,November,2025-10-14,2025-11-06,Orbicella sp.,1,1,0,100,2.500000000000002,100,14 Oct 2025 to 06 Nov 2025
Plot E,1-1,Plot E 1-1,7,November,December,2025-11-06,2025-12-04,Acropora palmata,6,6,0,100,54.074187356009965,100,06 Nov 2025 to 04 Dec 2025
Plot E,1-1,Plot E 1-1,7,November,December,2025-11-06,2025-12-04,Orbicella annularis,23,23,0,100,85.18148710847757,100,06 Nov 2025 to 04 Dec 2025
Plot E,1-1,Plot E 1-1,7,November,December,2025-11-06,2025-12-04,Orbicella faveolata,3,3,0,100,29.240177382128667,100,06 Nov 2025 to 04 Dec 2025
Plot E,1-1,Plot E 1-1,7,November,December,2025-11-06,2025-12-04,Orbicella franksi,18,18,0,100,81.46980318621478,100,06 Nov 2025 to 04 Dec 2025
Plot E,1-1,Plot E 1-1,7,November,December,2025-11-06,2025-12-04,Orbicella sp.,3,3,0,100,29.240177382128667,100,06 Nov 2025 to 04 Dec 2025
Plot E,1-1,Plot E 1-1,8,December,January,2025-12-04,2026-01-20,Acropora palmata,6,6,0,100,54.074187356009965,100,04 Dec 2025 to 20 Jan 2026
Plot E,1-1,Plot E 1-1,8,December,January,2025-12-04,2026-01-20,Orbicella annularis,23,23,0,100,85.18148710847757,100,04 Dec 2025 to 20 Jan 2026
Plot E,1-1,Plot E 1-1,8,December,January,2025-12-04,2026-01-20,Orbicella faveolata,3,3,0,100,29.240177382128667,100,04 Dec 2025 to 20 Jan 2026
Plot E,1-1,Plot E 1-1,8,December,January,2025-12-04,2026-01-20,Orbicella franksi,18,18,0,100,81.46980318621478,100,04 Dec 2025 to 20 Jan 2026
Plot E,1-1,Plot E 1-1,8,December,January,2025-12-04,2026-01-20,Orbicella sp.,3,3,0,100,29.240177382128667,100,04 Dec 2025 to 20 Jan 2026
Plot F,0-0,Plot F 0-0,1,November,May,2025-11-06,2026-05-01,Orbicella annularis,0,0,0,NA,NA,NA,06 Nov 2025 to 01 May 2026
Plot F,0-0,Plot F 0-0,2,May,May,2026-05-01,2026-05-27,Orbicella annularis,5,5,0,100,47.81762498950186,100,01 May 2026 to 27 May 2026
Plot F,0-0,Plot F 0-0,3,May,August,2026-05-27,2026-08-20,Orbicella annularis,5,5,0,100,47.81762498950186,100,27 May 2026 to 20 Aug 2026
Plot F,0-1,Plot F 0-1,1,November,May,2025-11-06,2026-05-01,Orbicella annularis,0,0,0,NA,NA,NA,06 Nov 2025 to 01 May 2026
Plot F,0-1,Plot F 0-1,2,May,May,2026-05-01,2026-05-27,Orbicella annularis,4,4,0,100,39.763536438352546,100,01 May 2026 to 27 May 2026
Plot F,0-1,Plot F 0-1,3,May,August,2026-05-27,2026-08-20,Orbicella annularis,4,4,0,100,39.763536438352546,100,27 May 2026 to 20 Aug 2026
Plot F,1-0,Plot F 1-0,1,November,May,2025-11-06,2026-05-01,Orbicella annularis,0,0,0,NA,NA,NA,06 Nov 2025 to 01 May 2026
Plot F,1-0,Plot F 1-0,1,November,May,2025-11-06,2026-05-01,Porites porites,0,0,0,NA,NA,NA,06 Nov 2025 to 01 May 2026
Plot F,1-0,Plot F 1-0,2,May,May,2026-05-01,2026-05-27,Orbicella annularis,10,10,0,100,69.15028921812392,100,01 May 2026 to 27 May 2026
Plot F,1-0,Plot F 1-0,2,May,May,2026-05-01,2026-05-27,Porites porites,22,22,0,100,84.56274871844255,100,01 May 2026 to 27 May 2026
Plot F,1-0,Plot F 1-0,3,May,August,2026-05-27,2026-08-20,Orbicella annularis,10,10,0,100,69.15028921812392,100,27 May 2026 to 20 Aug 2026
Plot F,1-0,Plot F 1-0,3,May,August,2026-05-27,2026-08-20,Porites porites,22,19,3,86.36363636363636,65.08779027425918,97.09441488712534,27 May 2026 to 20 Aug 2026
Plot G,0-0,Plot G 0-0,1,November,April,2025-11-07,2026-04-24,Orbicella annularis,0,0,0,NA,NA,NA,07 Nov 2025 to 24 Apr 2026
Plot G,0-0,Plot G 0-0,1,November,April,2025-11-07,2026-04-24,Porites porites,0,0,0,NA,NA,NA,07 Nov 2025 to 24 Apr 2026
Plot G,0-0,Plot G 0-0,2,April,May,2026-04-24,2026-05-26,Orbicella annularis,8,8,0,100,63.05833524471808,100,24 Apr 2026 to 26 May 2026
Plot G,0-0,Plot G 0-0,2,April,May,2026-04-24,2026-05-26,Porites porites,13,13,0,100,75.29473619995291,100,24 Apr 2026 to 26 May 2026
Plot G,0-0,Plot G 0-0,3,May,August,2026-05-26,2026-08-13,Orbicella annularis,8,8,0,100,63.05833524471808,100,26 May 2026 to 13 Aug 2026
Plot G,0-0,Plot G 0-0,3,May,August,2026-05-26,2026-08-13,Porites porites,13,13,0,100,75.29473619995291,100,26 May 2026 to 13 Aug 2026
Plot G,0-1,Plot G 0-1,1,November,April,2025-11-07,2026-04-24,Orbicella annularis,0,0,0,NA,NA,NA,07 Nov 2025 to 24 Apr 2026
Plot G,0-1,Plot G 0-1,1,November,April,2025-11-07,2026-04-24,Porites porites,0,0,0,NA,NA,NA,07 Nov 2025 to 24 Apr 2026
Plot G,0-1,Plot G 0-1,2,April,May,2026-04-24,2026-05-26,Orbicella annularis,1,1,0,100,2.500000000000002,100,24 Apr 2026 to 26 May 2026
Plot G,0-1,Plot G 0-1,2,April,May,2026-04-24,2026-05-26,Porites porites,2,2,0,100,15.811388300841905,100,24 Apr 2026 to 26 May 2026
Plot G,0-1,Plot G 0-1,3,May,August,2026-05-26,2026-08-13,Orbicella annularis,1,1,0,100,2.500000000000002,100,26 May 2026 to 13 Aug 2026
Plot G,0-1,Plot G 0-1,3,May,August,2026-05-26,2026-08-13,Porites porites,2,2,0,100,15.811388300841905,100,26 May 2026 to 13 Aug 2026
Plot G,1-0,Plot G 1-0,1,November,April,2025-11-07,2026-04-24,Orbicella annularis,0,0,0,NA,NA,NA,07 Nov 2025 to 24 Apr 2026
Plot G,1-0,Plot G 1-0,1,November,April,2025-11-07,2026-04-24,Porites porites,0,0,0,NA,NA,NA,07 Nov 2025 to 24 Apr 2026
Plot G,1-0,Plot G 1-0,2,April,May,2026-04-24,2026-05-26,Orbicella annularis,9,9,0,100,66.37328831200571,100,24 Apr 2026 to 26 May 2026
Plot G,1-0,Plot G 1-0,2,April,May,2026-04-24,2026-05-26,Porites porites,12,12,0,100,73.53515306029489,100,24 Apr 2026 to 26 May 2026
Plot G,1-0,Plot G 1-0,3,May,August,2026-05-26,2026-08-13,Orbicella annularis,8,8,0,100,63.05833524471808,100,26 May 2026 to 13 Aug 2026
Plot G,1-0,Plot G 1-0,3,May,August,2026-05-26,2026-08-13,Porites porites,12,12,0,100,73.53515306029489,100,26 May 2026 to 13 Aug 2026
Plot H,0-0,Plot H 0-0,1,November,April,2025-11-07,2026-04-24,Orbicella annularis,0,0,0,NA,NA,NA,07 Nov 2025 to 24 Apr 2026
Plot H,0-0,Plot H 0-0,1,November,April,2025-11-07,2026-04-24,Porites porites,0,0,0,NA,NA,NA,07 Nov 2025 to 24 Apr 2026
Plot H,0-0,Plot H 0-0,2,April,May,2026-04-24,2026-05-25,Orbicella annularis,4,4,0,100,39.763536438352546,100,24 Apr 2026 to 25 May 2026
Plot H,0-0,Plot H 0-0,2,April,May,2026-04-24,2026-05-25,Porites porites,4,4,0,100,39.763536438352546,100,24 Apr 2026 to 25 May 2026
Plot H,0-0,Plot H 0-0,3,May,August,2026-05-25,2026-08-13,Orbicella annularis,4,4,0,100,39.763536438352546,100,25 May 2026 to 13 Aug 2026
Plot H,0-0,Plot H 0-0,3,May,August,2026-05-25,2026-08-13,Porites porites,4,4,0,100,39.763536438352546,100,25 May 2026 to 13 Aug 2026
Plot H,0-1,Plot H 0-1,1,November,April,2025-11-07,2026-04-24,Orbicella annularis,0,0,0,NA,NA,NA,07 Nov 2025 to 24 Apr 2026
Plot H,0-1,Plot H 0-1,2,April,May,2026-04-24,2026-05-25,Orbicella annularis,3,3,0,100,29.240177382128667,100,24 Apr 2026 to 25 May 2026
Plot H,0-1,Plot H 0-1,3,May,August,2026-05-25,2026-08-13,Orbicella annularis,3,3,0,100,29.240177382128667,100,25 May 2026 to 13 Aug 2026
Plot H,1-0,Plot H 1-0,1,November,April,2025-11-07,2026-04-24,Orbicella annularis,0,0,0,NA,NA,NA,07 Nov 2025 to 24 Apr 2026
Plot H,1-0,Plot H 1-0,1,November,April,2025-11-07,2026-04-24,Porites porites,0,0,0,NA,NA,NA,07 Nov 2025 to 24 Apr 2026
Plot H,1-0,Plot H 1-0,2,April,May,2026-04-24,2026-05-25,Orbicella annularis,12,12,0,100,73.53515306029489,100,24 Apr 2026 to 25 May 2026
Plot H,1-0,Plot H 1-0,2,April,May,2026-04-24,2026-05-25,Porites porites,18,18,0,100,81.46980318621478,100,24 Apr 2026 to 25 May 2026
Plot H,1-0,Plot H 1-0,3,May,August,2026-05-25,2026-08-13,Orbicella annularis,13,11,2,84.61538461538461,54.55289443234423,98.07933280174716,25 May 2026 to 13 Aug 2026
Plot H,1-0,Plot H 1-0,3,May,August,2026-05-25,2026-08-13,Porites porites,18,18,0,100,81.46980318621478,100,25 May 2026 to 13 Aug 2026
