plot,plot_section,plot_folder,file,month_start,month_end,month_start_date,month_end_date,file_type,match_type,plot_length_m,plot_width_m,taglab_area_units
Plot H,0-0,Plot_H,0-0_Coki_PlotH_Matches_20251107_20260424.csv,November,April,2025-11-07,2026-04-24,csv,0-0,16,30,cm2
Plot H,0-0,Plot_H,0-0_Coki_PlotH_Matches_20260424_20260525.csv,April,May,2026-04-24,2026-05-25,csv,0-0,16,30,cm2
Plot H,0-0,Plot_H,0-0_Coki_PlotH_Matches_20260525_20260813.csv,May,August,2026-05-25,2026-08-13,csv,0-0,16,30,cm2
Plot H,0-1,Plot_H,0-1_Coki_PlotH_20251107_0-1-Coki_PlotH_20260424_0-1.csv,November,April,2025-11-07,2026-04-24,csv,0-1,16,30,cm2
Plot H,0-1,Plot_H,0-1_Coki_PlotH_20260424_0-1-Coki_PlotH_20260525_0-1.csv,April,May,2026-04-24,2026-05-25,csv,0-1,16,30,cm2
Plot H,0-1,Plot_H,0-1_Coki_PlotH_20260525_0-1-Coki_PlotH_20260813_0-1.csv,May,August,2026-05-25,2026-08-13,csv,0-1,16,30,cm2
Plot H,1-0,Plot_H,1-0_Coki_PlotH_20251107_1-0-Coki_PlotH_20260424_1-0.csv,November,April,2025-11-07,2026-04-24,csv,1-0,16,30,cm2
Plot H,1-0,Plot_H,1-0_Coki_PlotH_20260424_1-0-Coki_PlotH_20260525_1-0.csv,April,May,2026-04-24,2026-05-25,csv,1-0,16,30,cm2
Plot H,1-0,Plot_H,1-0_Coki_PlotH_20260525_1-0-Coki_PlotH_20260813_1-0.csv,May,August,2026-05-25,2026-08-13,csv,1-0,16,30,cm2
