source,active_path,raw_rows,sha256
/Users/spencerparr/Downloads/0-0/0-0_Coki_PlotA_Matches_20251114_20260421.csv,data_raw/taglab/Plot_A/0-0_Coki_PlotA_Matches_20251114_20260421.csv,24,180b7b59439e92e889b73bf7004b94ccbe66f81154ce94648107e007f686e7bf
/Users/spencerparr/Downloads/0-0/0-0_Coki_PlotA_Matches_20260421_20260622.csv,data_raw/taglab/Plot_A/0-0_Coki_PlotA_Matches_20260421_20260622.csv,24,8340a9411831ef01ae37707330736ffa440e8c295def9e5580f63c7e91f28351
/Users/spencerparr/Downloads/0-0/0-0_Coki_PlotA_Matches_20260622_20260812.csv,data_raw/taglab/Plot_A/0-0_Coki_PlotA_Matches_20260622_20260812.csv,24,1b86446704716b808aea7bf883c341a3ec24f69d94a2f28275689231a802da85
/Users/spencerparr/Downloads/Matches/Plot A/1-0/1-0_Coki_PlotA_Survivorship_20251114_1-0-Coki_PlotA_Survivorship_20260421_1-0.csv,data_raw/taglab/Plot_A/1-0_Coki_PlotA_Survivorship_20251114_1-0-Coki_PlotA_Survivorship_20260421_1-0.csv,19,6610a781530665171c8fb56d30bb747e07bea20ed53a99b68a49ef37332a968e
/Users/spencerparr/Downloads/Matches/Plot A/1-0/1-0_Coki_PlotA_Survivorship_20260421_1-0-Coki_PlotA_Survivorship_20260622_1-0.csv,data_raw/taglab/Plot_A/1-0_Coki_PlotA_Survivorship_20260421_1-0-Coki_PlotA_Survivorship_20260622_1-0.csv,19,aa0eee254ff181961d8590c165b8d876815dab6006bb732cd178fb9392ffa862
/Users/spencerparr/Downloads/Matches/Plot A/1-0/1-0_Coki_PlotA_Survivorship_20260622_1-0-Coki_PlotA_Survivorship_20260812_1-0.csv,data_raw/taglab/Plot_A/1-0_Coki_PlotA_Survivorship_20260622_1-0-Coki_PlotA_Survivorship_20260812_1-0.csv,19,f31fde54f78b248308864cfa15192f8b31f1515878ceb716f36cbdf5e2a4b5d0
/Users/spencerparr/Downloads/Matches/Plot B/0-0/0-0_PlotB_Matches_20251103_20260422.csv,data_raw/taglab/Plot_B/0-0_PlotB_Matches_20251103_20260422.csv,22,d176b40214d46cc7acaf896b822f061c11e7f8cfe1770310c8bc22981bcc446d
/Users/spencerparr/Downloads/Matches/Plot B/0-0/0-0_PlotB_Matches_20260422_20260609.csv,data_raw/taglab/Plot_B/0-0_PlotB_Matches_20260422_20260609.csv,54,128ee910fd529443a510697ceb83bd615b6cf59f3c741b1ca714af20435f30d1
/Users/spencerparr/Downloads/Matches/Plot B/0-0/0-0_PlotB_Matches_20260609_20260807.csv,data_raw/taglab/Plot_B/0-0_PlotB_Matches_20260609_20260807.csv,54,30bf155c40b8b61099dc86d7968da5a1c3906795cd8e87c00453620df2ddfadc
/Users/spencerparr/Downloads/Matches/Plot B/1-0/1-0_PlotB_Matches_20251103_20260422.csv,data_raw/taglab/Plot_B/1-0_PlotB_Matches_20251103_20260422.csv,21,8e553761eca96748b8961974e7d86d3be2f1dc76667cf0f9c83dbcb8ba960a8a
/Users/spencerparr/Downloads/Matches/Plot B/1-0/1-0_PlotB_Matches_20260422_20260609.csv,data_raw/taglab/Plot_B/1-0_PlotB_Matches_20260422_20260609.csv,21,06da7c874aec2486569e0041169f5e9154839f889829968c52cbe19abe5bdcd1
/Users/spencerparr/Downloads/Matches/Plot B/1-0/1-0_PlotB_Matches_20260609_20260807.csv,data_raw/taglab/Plot_B/1-0_PlotB_Matches_20260609_20260807.csv,21,9f30c7a970496f53d50196bf9c361bb398586155fb84ae523051188ae53583f8
/Users/spencerparr/Downloads/Matches/Plot C/0-0/0-0_Coki_PlotC_Matches_20251103_20260403.csv,data_raw/taglab/Plot_C/0-0_Coki_PlotC_Matches_20251103_20260403.csv,344,49235f024d2a6e687bd11c83427480952db3247bd4608d299587e8f7d2016071
/Users/spencerparr/Downloads/Matches/Plot C/0-0/0-0_Coki_PlotC_Matches_20260403_20260606.csv,data_raw/taglab/Plot_C/0-0_Coki_PlotC_Matches_20260403_20260606.csv,342,ecefddc62b972f2540edfc33f2f30a4460c8ee30bab7cae5d6d44e345917dc25
/Users/spencerparr/Downloads/Matches/Plot C/0-0/0-0_Coki_PlotC_Matches_20260606_20260805.csv,data_raw/taglab/Plot_C/0-0_Coki_PlotC_Matches_20260606_20260805.csv,300,f05e2b6a778531b0fdb66cc492406bcaeee2cdd90eb4187f3f9ce20841a5d972
/Users/spencerparr/Downloads/Matches/Plot C/1-0/1-0_Coki_PlotC_Matches_20251103_20260403.csv,data_raw/taglab/Plot_C/1-0_Coki_PlotC_Matches_20251103_20260403.csv,253,2b4ff620f3aabeaf15689ab0411eefd249a0eafae85440df16892baed581521b
/Users/spencerparr/Downloads/Matches/Plot C/1-0/1-0_Coki_PlotC_Matches_20260403_20260606.csv,data_raw/taglab/Plot_C/1-0_Coki_PlotC_Matches_20260403_20260606.csv,238,78dc254cca30e4343d77618db9dda146e0280a7301d409727f9c38610641d1c2
/Users/spencerparr/Downloads/Matches/Plot C/1-0/1-0_Coki_PlotC_Survivorship_20260606_20260805.csv,data_raw/taglab/Plot_C/1-0_Coki_PlotC_Survivorship_20260606_20260805.csv,249,b58297b4d4000b3ccd56bf91bb65c5bf19b9c86dc8c2eb91fee145078bd9fe6d
/Users/spencerparr/Downloads/Matches/Plot D/0-0/0-0_Coki_PlotD_Matches_20251105_20260416.csv,data_raw/taglab/Plot_D/0-0_Coki_PlotD_Matches_20251105_20260416.csv,234,d533fd2b271c3f27d8d7d17e1e293d8088918dee24f053a8a9edb2430e46dfc9
/Users/spencerparr/Downloads/Matches/Plot D/0-0/0-0_Coki_PlotD_Matches_20260416_20260608.csv,data_raw/taglab/Plot_D/0-0_Coki_PlotD_Matches_20260416_20260608.csv,234,616426dc032d70415f40ae448833fbf65bd2509232673be8431ec9f6802f2ab5
/Users/spencerparr/Downloads/Matches/Plot D/0-1/0-1_Coki_PlotD_Matches_20251105_20260416.csv,data_raw/taglab/Plot_D/0-1_Coki_PlotD_Matches_20251105_20260416.csv,1,97509a9d489b2cd27625a48fb502373ad07f6b935150e8b790c893f574283d96
/Users/spencerparr/Downloads/Matches/Plot D/0-1/0-1_Coki_PlotD_Matches_20260416_20260608.csv,data_raw/taglab/Plot_D/0-1_Coki_PlotD_Matches_20260416_20260608.csv,1,86fa9f1350bdd53959b6d68d129c6ead5c0a78586983fb723172c6870a2a2028
/Users/spencerparr/Downloads/Matches/Plot D/1-0/1-0_Coki_PlotD_Matches_20251105_20260416.csv,data_raw/taglab/Plot_D/1-0_Coki_PlotD_Matches_20251105_20260416.csv,101,22655aac2d452f59a74a9837c2f0a23fcd296b663c653b32160d7138b884a395
/Users/spencerparr/Downloads/Matches/Plot D/1-0/1-0_Coki_PlotD_Matches_20260416_20260608.csv,data_raw/taglab/Plot_D/1-0_Coki_PlotD_Matches_20260416_20260608.csv,101,9456c732d20e223111f381c2a51ab052b67896c4e0c19c0f0927126cecda2839
/Users/spencerparr/Downloads/Matches/Plot G/0-0/0-0_Coki_PlotG_Matches_20251107_20260424.csv,data_raw/taglab/Plot_G/0-0_Coki_PlotG_Matches_20251107_20260424.csv,21,a0c0b9446134d067e4b3ca07138b1e9cb1aa3eb58f934c0383ec7481db0a0a10
/Users/spencerparr/Downloads/Matches/Plot G/0-0/0-0_Coki_PlotG_Matches_20260424_20260526.csv,data_raw/taglab/Plot_G/0-0_Coki_PlotG_Matches_20260424_20260526.csv,21,603f3b6005ff813bda8ba7780b996fc2f88f814cd4d9ad3ae2f3434ab0cb0e10
/Users/spencerparr/Downloads/Matches/Plot G/0-0/0-0_Coki_PlotG_Matches_20260526_20260813.csv,data_raw/taglab/Plot_G/0-0_Coki_PlotG_Matches_20260526_20260813.csv,21,e21d20cb176d0d636e931187e71ec1d73bb4f4e4dc7fe371553ef17e3f96c2c3
/Users/spencerparr/Downloads/Matches/Plot G/0-1/0-1_Coki_PlotG_Matches_20251107_20260424.csv,data_raw/taglab/Plot_G/0-1_Coki_PlotG_Matches_20251107_20260424.csv,3,a6ccf61a62009ed211e9622269dcca664c33b6ed26d32d4e265ec9b93b4f98c5
/Users/spencerparr/Downloads/Matches/Plot G/0-1/0-1_Coki_PlotG_Matches_20260424_20260526.csv,data_raw/taglab/Plot_G/0-1_Coki_PlotG_Matches_20260424_20260526.csv,3,c148d83c009c96933483663e03d738a1cba17cfb96cc9fea38c3041029609ba1
/Users/spencerparr/Downloads/Matches/Plot G/0-1/0-1_Coki_PlotG_Matches_20260526_20260813.csv,data_raw/taglab/Plot_G/0-1_Coki_PlotG_Matches_20260526_20260813.csv,3,e4908fa96f704617a4777b71e126a8bcdcb00709ede2e777ea0df4014ab8e20c
/Users/spencerparr/Downloads/Matches/Plot G/1-0/1-0_Coki_PlotG_20260526_1-0-Coki_PlotG_20260813_1-0.csv,data_raw/taglab/Plot_G/1-0_Coki_PlotG_20260526_1-0-Coki_PlotG_20260813_1-0.csv,20,719a5da0a25aaa582ca24c00522af0e488538edb3e43e7b6209d080764781b97
/Users/spencerparr/Downloads/Matches/Plot G/1-0/1-0_Coki_PlotG_Matches_20251107_20260424.csv,data_raw/taglab/Plot_G/1-0_Coki_PlotG_Matches_20251107_20260424.csv,21,3fd6ea69789608d91b744d8a535249cc9401f53e776d21d72bcf7bb393ded214
/Users/spencerparr/Downloads/Matches/Plot G/1-0/1-0_Coki_PlotG_Matches_20260424_20260526.csv,data_raw/taglab/Plot_G/1-0_Coki_PlotG_Matches_20260424_20260526.csv,21,2d2d55d8cd29dc0e710482ac192f9acfc88dd95f4ed5d7cd67e83a007d04155b
/Users/spencerparr/Downloads/Matches/Plot H/0-0/0-0_Coki_PlotH_Matches_20251107_20260424.csv,data_raw/taglab/Plot_H/0-0_Coki_PlotH_Matches_20251107_20260424.csv,8,6b20522649a284670e7520a8c015f544b2c387bcba2e0e5c3994b02b6b16f390
/Users/spencerparr/Downloads/Matches/Plot H/0-0/0-0_Coki_PlotH_Matches_20260424_20260525.csv,data_raw/taglab/Plot_H/0-0_Coki_PlotH_Matches_20260424_20260525.csv,8,cf306daf56812d9a1b13134265d87aed8fd9c95367e8134d47117fc452b9d0e3
/Users/spencerparr/Downloads/Matches/Plot H/0-0/0-0_Coki_PlotH_Matches_20260525_20260813.csv,data_raw/taglab/Plot_H/0-0_Coki_PlotH_Matches_20260525_20260813.csv,8,615bd1995351e0a5b0d28acc8a5563a435b521bc8167e230793ece7a5555f752
/Users/spencerparr/Downloads/Matches/Plot H/0-1/0-1_Coki_PlotH_20251107_0-1-Coki_PlotH_20260424_0-1.csv,data_raw/taglab/Plot_H/0-1_Coki_PlotH_20251107_0-1-Coki_PlotH_20260424_0-1.csv,3,548d74654f5859277381bd718e7f747014d3bf2149dd2f6780d347cc7d14734f
/Users/spencerparr/Downloads/Matches/Plot H/0-1/0-1_Coki_PlotH_20260424_0-1-Coki_PlotH_20260525_0-1.csv,data_raw/taglab/Plot_H/0-1_Coki_PlotH_20260424_0-1-Coki_PlotH_20260525_0-1.csv,3,d3b0fedb1ba32d624561b0c8d96687e213f64137299354150931d7c909189471
/Users/spencerparr/Downloads/Matches/Plot H/0-1/0-1_Coki_PlotH_20260525_0-1-Coki_PlotH_20260813_0-1.csv,data_raw/taglab/Plot_H/0-1_Coki_PlotH_20260525_0-1-Coki_PlotH_20260813_0-1.csv,3,7af7ae928f4e12c7629c7003b9b366e557ecf6129c11b69bfe0f711b85c7ec2d
/Users/spencerparr/Downloads/Matches/Plot H/1-0/1-0_Coki_PlotH_20251107_1-0-Coki_PlotH_20260424_1-0.csv,data_raw/taglab/Plot_H/1-0_Coki_PlotH_20251107_1-0-Coki_PlotH_20260424_1-0.csv,28,67c8638d13bbb9a61fe52d3b407fe45ac89ad7a69f426ce5c49d2f694ce30d41
/Users/spencerparr/Downloads/Matches/Plot H/1-0/1-0_Coki_PlotH_20260424_1-0-Coki_PlotH_20260525_1-0.csv,data_raw/taglab/Plot_H/1-0_Coki_PlotH_20260424_1-0-Coki_PlotH_20260525_1-0.csv,31,02920bc0f609f9bd71df1cf208989981b5270a138fba48b71de65fe5fce1e49d
/Users/spencerparr/Downloads/Matches/Plot H/1-0/1-0_Coki_PlotH_20260525_1-0-Coki_PlotH_20260813_1-0.csv,data_raw/taglab/Plot_H/1-0_Coki_PlotH_20260525_1-0-Coki_PlotH_20260813_1-0.csv,32,36e492d084a9f57af9c523e3d607332ffba4c1b1b72d015fe31f0909c4e2a702
OneDrive_1_9-23-2026.zip/0-0/0-0_PlotE_Matches_20250507_20250609.csv,data_raw/taglab/Plot_E/0-0_PlotE_Matches_20250507_20250609.csv,238,fdfa185157076776929b2aedb4fd88effafa92100271ec07f9f8bbb25ec26577
OneDrive_1_9-23-2026.zip/0-0/0-0_PlotE_Matches_20250609_20250711.csv,data_raw/taglab/Plot_E/0-0_PlotE_Matches_20250609_20250711.csv,234,d56b0c6f06cb18e402a89713770b8eeeb5c8c14b09febb3c874472f6b9853b88
OneDrive_1_9-23-2026.zip/0-0/0-0_PlotE_Matches_20250711_20250804.csv,data_raw/taglab/Plot_E/0-0_PlotE_Matches_20250711_20250804.csv,207,17d577f6bddd303c3e8a8531d854903f51abd5673f138cdae6590cf8355dc725
OneDrive_1_9-23-2026.zip/0-0/0-0_PlotE_Matches_20250804_20250908.csv,data_raw/taglab/Plot_E/0-0_PlotE_Matches_20250804_20250908.csv,176,b9292ed9d18dae78fd2f5fd019fb2adb8ac7212886545b3dcb2ec480527d4c6c
OneDrive_1_9-23-2026.zip/0-0/0-0_PlotE_Matches_20250908_20251014.csv,data_raw/taglab/Plot_E/0-0_PlotE_Matches_20250908_20251014.csv,159,dd14d9817ab00d88a6d1f1e60212eba32803f22b2c6100fbd7634cc25cdbb60a
OneDrive_1_9-23-2026.zip/0-0/0-0_PlotE_Matches_20251014_20251106.csv,data_raw/taglab/Plot_E/0-0_PlotE_Matches_20251014_20251106.csv,136,f0bb9bf1da5f5b45a09cbbed3301dc40a3ecfe1ac1c6253fac954096d3a0d6bf
OneDrive_1_9-23-2026.zip/0-0/0-0_PlotE_Matches_20251106_20251204.csv,data_raw/taglab/Plot_E/0-0_PlotE_Matches_20251106_20251204.csv,137,261b54584f77769e6a6bb4da15ffb265dcd1ce52c6ff317dbce63895f6910f5c
OneDrive_1_9-23-2026.zip/0-0/0-0_PlotE_Matches_20251204_20260120.csv,data_raw/taglab/Plot_E/0-0_PlotE_Matches_20251204_20260120.csv,116,6139c511fc4c6bab4edb1ee1df905d3d849be92301c0dd5056ab7783cc84496d
OneDrive_1_9-23-2026.zip/0-0/0-0_PlotE_Matches_20260120_20260216.csv,data_raw/taglab/Plot_E/0-0_PlotE_Matches_20260120_20260216.csv,98,65782b8d378e2b4757683b22b39ad27c3da71c937d6cc76cd9921a80a083b27b
OneDrive_1_9-23-2026.zip/0-0/0-0_PlotE_Matches_20260216_20260325.csv,data_raw/taglab/Plot_E/0-0_PlotE_Matches_20260216_20260325.csv,85,2ff66618c5fe015806e8e4820a9115a0d620151a29c7d88b99689a85e6f2daaf
OneDrive_1_9-23-2026.zip/0-0/0-0_PlotE_Matches_20260325_20260409.csv,data_raw/taglab/Plot_E/0-0_PlotE_Matches_20260325_20260409.csv,350,f9c94e8055485c06d7e155d45ef3819511ea817906270cdec232c0a92af20b91
OneDrive_1_9-23-2026.zip/0-0/0-0_PlotE_Matches_20260409_20260504.csv,data_raw/taglab/Plot_E/0-0_PlotE_Matches_20260409_20260504.csv,358,69a92776d451c1bd3649895ef21f302a6292b956c625211625658c191a1b0a34
OneDrive_1_9-23-2026.zip/0-1/0-1_PlotE_Matches_20250507_20250609.csv,data_raw/taglab/Plot_E/0-1_PlotE_Matches_20250507_20250609.csv,215,e4aa5a6c16d8de768b5137fef8c28b708be7a61e8677c16e799519424ceebacb
OneDrive_1_9-23-2026.zip/0-1/0-1_PlotE_Matches_20250609_20250711.csv,data_raw/taglab/Plot_E/0-1_PlotE_Matches_20250609_20250711.csv,208,5ce4363f21a09c9dc127cff3c19f5f5af29b9b4ad9ce917cf5a8eec9e5e3ba81
OneDrive_1_9-23-2026.zip/0-1/0-1_PlotE_Matches_20250711_20250804.csv,data_raw/taglab/Plot_E/0-1_PlotE_Matches_20250711_20250804.csv,193,f2cc1802db4b2c09de43024b1a396b9a4716b8861bfeaf6a26f5932bf5048c38
OneDrive_1_9-23-2026.zip/0-1/0-1_PlotE_Matches_20250804_20250908.csv,data_raw/taglab/Plot_E/0-1_PlotE_Matches_20250804_20250908.csv,180,c41eec9ec0465bd4ec8dd785a82cfdfd6ffc2145a8407d6fee6f26f3e1e28e42
OneDrive_1_9-23-2026.zip/0-1/0-1_PlotE_Matches_20250908_20251014.csv,data_raw/taglab/Plot_E/0-1_PlotE_Matches_20250908_20251014.csv,165,ae6590c5c9dad03297bb6b6368a9428aec6f4108704c0b367ac0a677881b88aa
OneDrive_1_9-23-2026.zip/0-1/0-1_PlotE_Matches_20251014_20251106.csv,data_raw/taglab/Plot_E/0-1_PlotE_Matches_20251014_20251106.csv,156,bc1ae5d62cb9c882d5a95589c976e0044b92c243c6433e3a75f665cf3225add7
OneDrive_1_9-23-2026.zip/0-1/0-1_PlotE_Matches_20251106_20251204.csv,data_raw/taglab/Plot_E/0-1_PlotE_Matches_20251106_20251204.csv,154,dc25fdbce8fd6a6864bfeaaf7dadbe56e8895659910af4a0cef0b45026d5165d
OneDrive_1_9-23-2026.zip/0-1/0-1_PlotE_Matches_20251204_20260120.csv,data_raw/taglab/Plot_E/0-1_PlotE_Matches_20251204_20260120.csv,144,0d705d023ead0fe1aff81e58d4a5eb27d03bf5b3740637fe748288095c9e0959
OneDrive_1_9-23-2026.zip/0-1/0-1_PlotE_Matches_20260120_20260216.csv,data_raw/taglab/Plot_E/0-1_PlotE_Matches_20260120_20260216.csv,132,507304f3f8ab0e1656cac29f1e4aefe992a1996fc965239517d35e7b1bb2c29e
OneDrive_1_9-23-2026.zip/0-1/0-1_PlotE_Matches_20260216_20260325.csv,data_raw/taglab/Plot_E/0-1_PlotE_Matches_20260216_20260325.csv,114,9cc34e4abb2e9e2fcc6c9ccdac66f4bcb429dabadc8466c1d3897377fe9ebff6
OneDrive_1_9-23-2026.zip/0-1/0-1_PlotE_Matches_20260325_20260409.csv,data_raw/taglab/Plot_E/0-1_PlotE_Matches_20260325_20260409.csv,258,15e5f0d12d9480ec9bf26855ad15b688880e714feada8cd830ce0a85efa7ea5e
OneDrive_1_9-23-2026.zip/0-1/0-1_PlotE_Matches_20260409_20260504.csv,data_raw/taglab/Plot_E/0-1_PlotE_Matches_20260409_20260504.csv,248,6ce5abee670868861d95a68fdeb188086bd3a1e33302be86b0dc1e0f78ba675c
OneDrive_1_9-23-2026.zip/1-0/1-0_PlotE_Matches_20250507_20250609.csv,data_raw/taglab/Plot_E/1-0_PlotE_Matches_20250507_20250609.csv,272,d9161d74cb70e5f915ce5519214485b26cc8474d46c66f29e221e4eab9edb2a4
OneDrive_1_9-23-2026.zip/1-0/1-0_PlotE_Matches_20250609_20250711.csv,data_raw/taglab/Plot_E/1-0_PlotE_Matches_20250609_20250711.csv,222,aa9a23e76f24f566154a29dbada4db179c8df8be3d081c922f9e0e6c2b5c98cd
OneDrive_1_9-23-2026.zip/1-0/1-0_PlotE_Matches_20250711_20250804.csv,data_raw/taglab/Plot_E/1-0_PlotE_Matches_20250711_20250804.csv,177,6c7c24e95117f96bec6c215c3d4f55c229ffbbb2608eeb6c37a43ba13094772e
OneDrive_1_9-23-2026.zip/1-0/1-0_PlotE_Matches_20250804_20250908.csv,data_raw/taglab/Plot_E/1-0_PlotE_Matches_20250804_20250908.csv,168,2a4c0526d3e0aefc64e3f80af74ce6611443f0f57f5cf55350d7f73296f1ce65
OneDrive_1_9-23-2026.zip/1-0/1-0_PlotE_Matches_20250908_20251014.csv,data_raw/taglab/Plot_E/1-0_PlotE_Matches_20250908_20251014.csv,149,3b2e843c2937a9321da486e91e42ac1c67622c9c63fc018109d6c70383555cbd
OneDrive_1_9-23-2026.zip/1-0/1-0_PlotE_Matches_20251014_20251106.csv,data_raw/taglab/Plot_E/1-0_PlotE_Matches_20251014_20251106.csv,139,d32359803e8a09fe692ea0e3f2cb9e9b06db6637c3fb752653f433a43af4076e
OneDrive_1_9-23-2026.zip/1-0/1-0_PlotE_Matches_20251106_20251204.csv,data_raw/taglab/Plot_E/1-0_PlotE_Matches_20251106_20251204.csv,141,4ce359dbd5f9a244d80db8de8e8ba0dca22eca2494f11d753c1498c3e7814072
OneDrive_1_9-23-2026.zip/1-0/1-0_PlotE_Matches_20251204_20260120.csv,data_raw/taglab/Plot_E/1-0_PlotE_Matches_20251204_20260120.csv,121,192e25296f76fa5451c58e175d6e9e490bca16095eb037abdeb060edbb4b0f25
OneDrive_1_9-23-2026.zip/1-1/1-1_PlotE_Matches_20250507_20250609.csv,data_raw/taglab/Plot_E/1-1_PlotE_Matches_20250507_20250609.csv,76,faba440560a8a7b57e3493968fa6c8c8f64cf941e81258988982fd1e25d341f1
OneDrive_1_9-23-2026.zip/1-1/1-1_PlotE_Matches_20250609_20250711.csv,data_raw/taglab/Plot_E/1-1_PlotE_Matches_20250609_20250711.csv,70,0382b3e2235be494ad9a2aeb30a7cbe7c61e4c0e8c053f69e48c6bf92ef18709
OneDrive_1_9-23-2026.zip/1-1/1-1_PlotE_Matches_20250711_20250804.csv,data_raw/taglab/Plot_E/1-1_PlotE_Matches_20250711_20250804.csv,65,6d714bf7021c1333bf2b19538595a8feb09e9e9abdff785a918b23e23bd974d0
OneDrive_1_9-23-2026.zip/1-1/1-1_PlotE_Matches_20250804_20250908.csv,data_raw/taglab/Plot_E/1-1_PlotE_Matches_20250804_20250908.csv,62,375349a8c68002111d79e4cdc439d8f14ac6d8c43a2b8cead451328fd1edd074
OneDrive_1_9-23-2026.zip/1-1/1-1_PlotE_Matches_20250908_20251014.csv,data_raw/taglab/Plot_E/1-1_PlotE_Matches_20250908_20251014.csv,59,8004d5bc7a2ebcbcae7d768d7f522cb328685afc8ba813033d98c98ad2bcb9e6
OneDrive_1_9-23-2026.zip/1-1/1-1_PlotE_Matches_20251014_20251106.csv,data_raw/taglab/Plot_E/1-1_PlotE_Matches_20251014_20251106.csv,57,81e959c180e5fb52c7fb916808c1495b9730dbf7e69d2dc168b51836b963686a
OneDrive_1_9-23-2026.zip/1-1/1-1_PlotE_Matches_20251106_20251204.csv,data_raw/taglab/Plot_E/1-1_PlotE_Matches_20251106_20251204.csv,57,ce21fe43b5c0eba2297ed0a2d321959103e2effa96b356d40108f1b93f3df2be
OneDrive_1_9-23-2026.zip/1-1/1-1_PlotE_Matches_20251204_20260120.csv,data_raw/taglab/Plot_E/1-1_PlotE_Matches_20251204_20260120.csv,55,9121c89b99e7c34e01e48a4c3760775fbed1c0f42c87477aff123928b08d20e4
