source,active_path,raw_rows,sha256
/Users/spencerparr/Downloads/Plot F/0-0/0-0_PlotF_Matches_20251106_20260501.csv,data_raw/taglab/Plot_F/0-0_PlotF_Matches_20251106_20260501.csv,5,d79caa8877c450049390c387c975d8ca36d6aa6aae3060a06bbd38efdc9dd62e
/Users/spencerparr/Downloads/Plot F/0-0/0-0_PlotF_Matches_20260501_20260527.csv,data_raw/taglab/Plot_F/0-0_PlotF_Matches_20260501_20260527.csv,5,e02c84a98429d7bb39ceda4ae2ec704435929f4c55f4ad77b1dc22b421e12e0e
/Users/spencerparr/Downloads/Plot F/0-0/0-0_PlotF_Matches_20260527_20260820.csv,data_raw/taglab/Plot_F/0-0_PlotF_Matches_20260527_20260820.csv,5,6570ea8ab03f134acb7d9db2c5c19d97046a894e177beae9f29d411ac4a2810d
/Users/spencerparr/Downloads/Plot F/0-1/0-1_PlotF_Matches_20251106_20260501.csv,data_raw/taglab/Plot_F/0-1_PlotF_Matches_20251106_20260501.csv,4,32ba66f80b000cca517cdb3eb7640a7b4aaff9611d2acc7ddb4c6cb3f32d6998
/Users/spencerparr/Downloads/Plot F/0-1/0-1_PlotF_Matches_20260501_20260527.csv,data_raw/taglab/Plot_F/0-1_PlotF_Matches_20260501_20260527.csv,4,762f5cc8c7695768ba090e75e04f89f3ad6e6e102c1aee4be94baa93c7cc85ba
/Users/spencerparr/Downloads/Plot F/0-1/0-1_PlotF_Matches_20260527_20260820.csv,data_raw/taglab/Plot_F/0-1_PlotF_Matches_20260527_20260820.csv,15,a22cd04ed39b0b868d783d5f84d04d84314fe0701198927c4494f18b90d4a8eb
/Users/spencerparr/Downloads/Plot F/1-0/1-0_Coki_PlotF_Matches_20251106_20260501.csv,data_raw/taglab/Plot_F/1-0_Coki_PlotF_Matches_20251106_20260501.csv,32,60d15bdb30e2da2c30ae805d496223ad4e7df5204ccbe22389c83ffe7c4a42ee
/Users/spencerparr/Downloads/Plot F/1-0/1-0_Coki_PlotF_Matches_20260501_20260527.csv,data_raw/taglab/Plot_F/1-0_Coki_PlotF_Matches_20260501_20260527.csv,32,0cddb9cb2d69790086328960754dc0fdc762bd5801f7d2fbfc35629837db25e6
/Users/spencerparr/Downloads/Plot F/1-0/1-0_Coki_PlotF_Matches_20260527_20260820.csv,data_raw/taglab/Plot_F/1-0_Coki_PlotF_Matches_20260527_20260820.csv,32,cfa2bb3854bb1782155b8af37aa5d885a2ed62a93aa5bfd399a7af9596515672
